pfr_id,cfb_id,gsis_id,player_name,position,draft_year,draft_round,draft_pick,draft_team,college,height_in,weight_lbs,forty_yard,vertical_jump,broad_jump,bench_reps,cone_drill,shuttle,col_pass_completions,col_pass_attempts,col_pass_yards,col_pass_tds,col_pass_ints,col_rush_attempts,col_rush_yards,col_rush_tds,col_receptions,col_rec_yards,col_rec_tds,weighted_av,draft_team_av,nfl_games,pro_bowls,all_pro,seasons_started,hof,position_group,missing_outcome,missing_combine,missing_height_weight,missing_college_stats
MathRy00,ryan-mathews-1,00-0027864,Ryan Mathews,RB,2010,1,12,SDG,fresno st.,72.0,218.0,4.37,36.0,121.0,19.0,7.0,4.33,0.0,1.0,0.0,0.0,0.0,534.0,3280.0,39.0,19.0,268.0,2.0,44.0,37.0,86.0,1,0,5,False,skill_run,False,False,False,False
AbduAm00,ameer-abdullah-1,00-0032104,Ameer Abdullah,RB,2015,2,54,DET,nebraska,69.0,205.0,4.6,42.5,130.0,24.0,6.79,3.95,0.0,1.0,0.0,0.0,0.0,813.0,4588.0,39.0,73.0,690.0,7.0,22.0,10.0,154.0,0,0,2,False,skill_run,False,False,False,False
WhitJa02,james-white-2,00-0031062,James White,RB,2014,4,130,NWE,wisconsin,69.0,204.0,4.57,32.0,114.0,23.0,7.05,4.2,1.0,2.0,3.0,1.0,0.0,643.0,4015.0,45.0,73.0,670.0,3.0,37.0,37.0,95.0,0,0,0,False,skill_run,False,False,False,False
HardMo00,montario-hardesty-1,00-0027666,Montario Hardesty,RB,2010,2,59,CLE,tennessee,72.0,225.0,4.49,41.0,124.0,21.0,6.87,4.14,0.0,1.0,0.0,0.0,0.0,560.0,2391.0,26.0,38.0,405.0,1.0,4.0,4.0,23.0,0,0,0,False,skill_run,False,False,False,False
GerhTo00,toby-gerhart-1,00-0027888,Toby Gerhart,RB,2010,2,51,MIN,stanford,72.0,231.0,4.5,38.0,118.0,22.0,6.94,4.25,1.0,1.0,18.0,1.0,0.0,671.0,3522.0,43.0,39.0,395.0,0.0,16.0,13.0,82.0,0,0,0,False,skill_run,False,False,False,False
VereSh00,shane-vereen-1,00-0027994,Shane Vereen,RB,2011,2,56,NWE,california,70.0,210.0,4.49,34.0,115.0,31.0,6.95,4.28,0.0,3.0,0.0,0.0,0.0,556.0,2834.0,29.0,74.0,674.0,6.0,25.0,16.0,79.0,0,0,1,False,skill_run,False,False,False,False
BallMo00,montee-ball-1,00-0030522,Montee Ball,RB,2013,2,58,DEN,wisconsin,70.0,214.0,4.66,32.0,118.0,15.0,6.88,4.4,2.0,2.0,57.0,1.0,0.0,924.0,5140.0,77.0,59.0,598.0,6.0,7.0,7.0,21.0,0,0,0,False,skill_run,False,False,False,False
SimsCh00,charles-sims-1,00-0031390,Charles Sims,RB,2014,3,69,TAM,west virginia,72.0,214.0,4.48,37.5,126.0,17.0,7.16,4.3,0.0,1.0,0.0,0.0,0.0,592.0,3465.0,40.0,203.0,2108.0,11.0,13.0,13.0,47.0,0,0,0,False,skill_run,False,False,False,False
FreeRo00,royce-freeman-1,00-0034838,Royce Freeman,RB,2018,3,71,DEN,oregon,71.0,229.0,4.54,34.0,118.0,17.0,6.9,4.16,1.0,1.0,26.0,1.0,0.0,947.0,5621.0,60.0,79.0,814.0,4.0,13.0,9.0,79.0,0,0,0,False,skill_run,False,False,False,False
BellLe00,leveon-bell-1,00-0030496,Le'Veon Bell,RB,2013,2,48,PIT,michigan st.,73.0,230.0,4.6,31.5,118.0,24.0,6.75,4.24,1.0,1.0,29.0,0.0,0.0,671.0,3346.0,33.0,78.0,531.0,1.0,61.0,55.0,96.0,3,2,5,False,skill_run,False,False,False,False
McGuEl00,elijah-mcguire-1,00-0033295,Elijah McGuire,RB,2017,6,188,NYJ,louisiana,70.0,214.0,4.53,36.0,120.0,15.0,7.26,4.56,0.0,3.0,0.0,0.0,0.0,711.0,4312.0,42.0,129.0,1383.0,10.0,6.0,6.0,24.0,0,0,0,False,skill_run,False,False,False,False
McCaCh01,christian-mccaffrey-1,00-0033280,Christian McCaffrey,RB,2017,1,8,CAR,stanford,71.0,202.0,4.48,37.5,121.0,10.0,6.57,4.22,2.0,3.0,39.0,2.0,0.0,632.0,3922.0,21.0,99.0,1206.0,10.0,86.0,43.0,112.0,4,3,5,False,skill_run,False,False,False,False
SingDe00,devin-singletary-1,00-0035250,Devin Singletary,RB,2019,3,74,BUF,florida atlantic,67.0,203.0,4.66,35.0,117.0,15.0,7.32,4.4,2.0,2.0,15.0,0.0,0.0,714.0,4289.0,66.0,51.0,397.0,1.0,39.0,28.0,110.0,0,0,5,False,skill_run,False,False,False,False
HarpJa01,jamie-harper-1,00-0028068,Jamie Harper,RB,2011,4,130,TEN,clemson,71.0,233.0,4.53,36.5,120.0,24.0,7.16,4.39,0.0,1.0,0.0,0.0,0.0,311.0,1311.0,12.0,52.0,390.0,3.0,1.0,1.0,23.0,0,0,0,False,skill_run,False,False,False,False
SnelBe00,benjamin-snell-jr-1,00-0035217,Benny Snell Jr.,RB,2019,4,122,PIT,kentucky,70.0,224.0,4.66,29.5,119.0,16.0,7.07,4.33,3.0,7.0,59.0,1.0,0.0,736.0,3858.0,48.0,29.0,216.0,0.0,8.0,8.0,63.0,0,0,0,False,skill_run,False,False,False,False
JoneAa00,aaron-jones-6,00-0033293,Aaron Jones,RB,2017,5,182,GNB,texas-el paso,69.0,208.0,4.56,37.5,127.0,16.0,6.82,4.2,1.0,2.0,3.0,1.0,0.0,658.0,4114.0,33.0,71.0,646.0,7.0,67.0,55.0,126.0,1,0,7,False,skill_run,False,False,False,False
OlliQa00,oadree-ollison-1,00-0035273,Qadree Ollison,RB,2019,5,152,ATL,pittsburgh,73.0,228.0,4.58,29.5,114.0,19.0,7.53,4.31,0.0,1.0,0.0,0.0,0.0,529.0,2859.0,29.0,50.0,375.0,3.0,1.0,1.0,24.0,0,0,0,False,skill_run,False,False,False,False
BurtMi00,michael-burton-1,00-0031595,Michael Burton,RB,2015,5,168,DET,rutgers,71.0,242.0,4.65,33.0,115.0,25.0,7.2,4.34,1.0,1.0,-2.0,0.0,0.0,22.0,116.0,0.0,47.0,401.0,3.0,1.0,0.0,147.0,0,0,1,False,skill_run,False,False,False,False
ScotDa01,darel-scott-1,00-0028159,Da'Rel Scott,RB,2011,7,221,NYG,maryland,71.0,211.0,4.4,34.0,117.0,19.0,7.15,4.2,2.0,3.0,13.0,2.0,0.0,430.0,2401.0,17.0,48.0,509.0,4.0,1.0,1.0,20.0,0,0,0,False,skill_run,False,False,False,False
BurkRe00,rex-burkhead-1,00-0030288,Rex Burkhead,RB,2013,6,190,CIN,nebraska,70.0,214.0,4.73,39.0,125.0,21.0,6.85,4.09,4.0,7.0,46.0,3.0,0.0,635.0,3332.0,30.0,60.0,507.0,5.0,21.0,4.0,115.0,0,0,0,False,skill_run,False,False,False,False
StacZa00,zac-stacy-1,00-0030536,Zac Stacy,RB,2013,5,160,STL,vanderbilt,68.0,216.0,4.55,33.0,122.0,27.0,6.7,4.17,3.0,10.0,67.0,1.0,2.0,581.0,3143.0,30.0,46.0,415.0,0.0,11.0,10.0,35.0,0,0,1,False,skill_run,False,False,False,False
BallKa00,kalen-ballage-1,00-0034799,Kalen Ballage,RB,2018,4,131,MIA,arizona st.,73.0,228.0,4.46,33.5,122.0,15.0,6.91,4.35,3.0,4.0,30.0,1.0,0.0,450.0,1984.0,27.0,82.0,684.0,2.0,6.0,3.0,52.0,0,0,1,False,skill_run,False,False,False,False
IngrMa01,mark-ingram-1,00-0027966,Mark Ingram,RB,2011,1,28,NOR,alabama,69.0,215.0,4.62,31.5,118.0,21.0,7.13,4.62,0.0,1.0,0.0,0.0,0.0,572.0,3261.0,42.0,60.0,670.0,4.0,66.0,51.0,156.0,3,0,5,False,skill_run,False,False,False,False
JackJu01,justin-jackson-5,00-0034440,Justin Jackson,RB,2018,7,251,LAC,northwestern,72.0,199.0,4.52,38.5,122.0,13.0,6.81,4.07,1.0,1.0,12.0,1.0,0.0,1142.0,5440.0,41.0,122.0,858.0,1.0,12.0,10.0,59.0,0,0,0,False,skill_run,False,False,False,False
WillKe05,kerwynn-williams-1,00-0030117,Kerwynn Williams,RB,2013,7,230,IND,utah st.,68.0,195.0,4.48,35.0,118.0,17.0,7.15,4.15,0.0,1.0,0.0,0.0,0.0,380.0,2505.0,22.0,64.0,870.0,5.0,6.0,0.0,40.0,0,0,0,False,skill_run,False,False,False,False
GaskMy00,myles-gaskin-1,00-0035311,Myles Gaskin,RB,2019,7,234,MIA,washington,69.0,205.0,4.58,35.5,118.0,24.0,7.19,4.27,1.0,1.0,2.0,1.0,0.0,943.0,5324.0,57.0,65.0,465.0,5.0,13.0,13.0,47.0,0,0,1,False,skill_run,False,False,False,False
StarJa00,james-starks-1,00-0027791,James Starks,RB,2010,6,193,GNB,buffalo,74.0,218.0,4.5,36.0,119.0,15.0,6.89,4.23,1.0,1.0,5.0,0.0,0.0,698.0,3140.0,34.0,127.0,898.0,3.0,26.0,26.0,76.0,0,0,0,False,skill_run,False,False,False,False
KellJo00,john-kelly-6,00-0034808,John Kelly,RB,2018,6,176,LAR,tennessee,70.0,216.0,,35.0,120.0,15.0,7.13,4.51,1.0,1.0,10.0,0.0,0.0,327.0,1573.0,15.0,43.0,350.0,0.0,1.0,1.0,15.0,0,0,0,False,skill_run,False,True,False,False
GrayCy00,cyrus-gray-1,00-0029298,Cyrus Gray,RB,2012,6,182,KAN,texas a&m,70.0,206.0,4.4,32.5,114.0,21.0,7.17,,1.0,2.0,14.0,1.0,0.0,632.0,3298.0,30.0,103.0,776.0,6.0,1.0,1.0,35.0,0,0,0,False,skill_run,False,True,False,False
IoseJo00,joey-iosefa-1,00-0032122,Joey Iosefa,RB,2015,7,231,TAM,hawaii,72.0,247.0,5.02,31.5,110.0,30.0,7.24,4.33,4.0,7.0,71.0,2.0,0.0,512.0,2218.0,21.0,60.0,438.0,3.0,0.0,,2.0,0,0,0,False,skill_run,False,False,False,False
TodmJo00,jordan-todman-1,00-0028121,Jordan Todman,RB,2011,6,183,SDG,connecticut,69.0,203.0,4.4,38.0,126.0,25.0,7.24,4.18,0.0,1.0,0.0,0.0,0.0,616.0,3179.0,31.0,42.0,283.0,0.0,5.0,,74.0,0,0,0,False,skill_run,False,False,False,False
RodgJa00,jacquizz-rodgers-1,00-0028083,Jacquizz Rodgers,RB,2011,5,145,ATL,oregon st.,66.0,196.0,4.59,33.0,113.0,,7.31,4.26,2.0,2.0,25.0,2.0,0.0,788.0,3877.0,46.0,151.0,1056.0,5.0,24.0,17.0,110.0,0,0,0,False,skill_run,False,True,False,False
JohnKe06,kerryon-johnson-1,00-0034349,Kerryon Johnson,RB,2018,2,43,DET,auburn,71.0,213.0,,40.0,126.0,11.0,7.07,4.29,4.0,4.0,14.0,2.0,0.0,519.0,2494.0,32.0,55.0,478.0,2.0,11.0,11.0,35.0,0,0,1,False,skill_run,False,True,False,False
HineNy00,nyheim-hines-1,00-0034367,Nyheim Hines,RB,2018,4,104,IND,north carolina st.,68.0,198.0,4.38,35.5,119.0,,7.18,4.35,0.0,1.0,0.0,0.0,0.0,258.0,1399.0,13.0,89.0,933.0,1.0,25.0,22.0,85.0,0,0,0,False,skill_run,False,True,False,False
MontDa01,david-montgomery-1,00-0035685,David Montgomery,RB,2019,3,73,CHI,iowa st.,70.0,222.0,4.63,28.5,121.0,15.0,,,0.0,2.0,0.0,0.0,0.0,622.0,2894.0,26.0,71.0,582.0,0.0,49.0,26.0,105.0,0,0,5,False,skill_run,False,True,False,False
HowaJo00,jordan-howard-1,00-0032780,Jordan Howard,RB,2016,5,150,CHI,indiana,72.0,230.0,4.57,34.0,122.0,16.0,,,1.0,1.0,0.0,0.0,0.0,647.0,3681.0,24.0,24.0,261.0,3.0,27.0,22.0,73.0,1,0,3,False,skill_run,False,True,False,False
CarsCh00,chris-carson-1,00-0033594,Chris Carson,RB,2017,7,249,SEA,oklahoma st.,72.0,218.0,4.58,37.0,130.0,23.0,,,2.0,3.0,31.0,0.0,0.0,213.0,1076.0,13.0,30.0,298.0,1.0,29.0,29.0,49.0,0,0,3,False,skill_run,False,True,False,False
CobbDa00,david-cobb-1,00-0032133,David Cobb,RB,2015,5,138,TEN,minnesota,71.0,229.0,4.81,38.5,121.0,17.0,,,1.0,1.0,9.0,0.0,0.0,563.0,2896.0,20.0,34.0,339.0,0.0,1.0,1.0,7.0,0,0,0,False,skill_run,False,True,False,False
KamaAl00,alvin-kamara-1,00-0033906,Alvin Kamara,RB,2017,3,67,NOR,tennessee,70.0,214.0,4.56,39.5,131.0,15.0,,,1.0,1.0,24.0,0.0,0.0,210.0,1294.0,16.0,74.0,683.0,7.0,79.0,79.0,126.0,5,0,6,False,skill_run,False,True,False,False
HuntKa00,kareem-hunt-1,00-0033923,Kareem Hunt,RB,2017,3,86,KAN,toledo,70.0,216.0,4.62,36.5,119.0,18.0,,,0.0,1.0,0.0,0.0,1.0,782.0,4945.0,44.0,73.0,555.0,1.0,52.0,33.0,121.0,1,0,3,False,skill_run,False,True,False,False
WilkJo01,jordan-wilkins-1,00-0034400,Jordan Wilkins,RB,2018,5,169,IND,mississippi,73.0,216.0,,36.0,117.0,16.0,,4.27,1.0,2.0,31.0,1.0,0.0,279.0,1751.0,14.0,32.0,322.0,1.0,8.0,8.0,54.0,0,0,0,False,skill_run,False,True,False,False
HendDa00,darrell-henderson-1,00-0035664,Darrell Henderson,RB,2019,3,70,LAR,memphis,68.0,208.0,4.49,33.5,121.0,22.0,,,1.0,2.0,4.0,1.0,0.0,431.0,3545.0,36.0,63.0,758.0,8.0,15.0,15.0,54.0,0,0,1,False,skill_run,False,True,False,False
BarkSa00,saquon-barkley-1,00-0034844,Saquon Barkley,RB,2018,1,2,NYG,penn st.,72.0,233.0,4.4,41.0,,29.0,,4.24,2.0,2.0,36.0,1.0,0.0,671.0,3843.0,43.0,102.0,1195.0,8.0,65.0,40.0,106.0,3,1,6,False,skill_run,False,True,False,False
JohnDu00,duke-johnson-1,00-0032257,Duke Johnson,RB,2015,3,77,CLE,miami,69.0,207.0,4.54,33.5,121.0,,,,1.0,1.0,18.0,0.0,0.0,62.0,370.0,4.0,1.0,11.0,0.0,28.0,18.0,97.0,0,0,0,False,skill_run,False,True,False,False
RandJo01,joseph-randle-1,00-0030388,Joseph Randle,RB,2013,5,151,DAL,oklahoma st.,72.0,204.0,4.63,35.0,123.0,,,,2.0,2.0,37.0,0.0,0.0,564.0,3085.0,40.0,108.0,917.0,3.0,7.0,7.0,35.0,0,0,0,False,skill_run,False,True,False,False
RogeSa00,sam-rogers-1,00-0033967,Sam Rogers,RB,2017,6,206,LAR,virginia tech,70.0,231.0,4.93,32.0,114.0,19.0,7.27,4.34,3.0,4.0,35.0,1.0,0.0,165.0,692.0,4.0,72.0,802.0,7.0,,,,0,0,0,False,skill_run,True,False,False,False
ElliAn00,andre-ellington-1,00-0030287,Andre Ellington,RB,2013,6,187,ARI,clemson,69.0,199.0,4.61,34.0,122.0,,,,0.0,1.0,0.0,0.0,0.0,621.0,3436.0,33.0,59.0,505.0,2.0,18.0,17.0,65.0,0,0,1,False,skill_run,False,True,False,False
WillJo07,jonathan-williams-2,00-0032975,Jonathan Williams,RB,2016,5,156,BUF,arkansas,71.0,220.0,4.56,,,16.0,,,1.0,4.0,21.0,1.0,0.0,406.0,2321.0,16.0,26.0,345.0,6.0,5.0,1.0,47.0,0,0,0,False,skill_run,False,True,False,False
FourLe00,leonard-fournette-1,00-0033856,Leonard Fournette,RB,2017,1,4,JAX,louisiana state,72.0,240.0,4.51,28.5,,,,,0.0,1.0,0.0,0.0,0.0,616.0,3830.0,40.0,41.0,526.0,1.0,38.0,19.0,81.0,0,0,5,False,skill_run,False,True,False,False
SpilC.00,cj-spiller-1,00-0027861,C.J. Spiller,RB,2010,1,9,BUF,clemson,71.0,196.0,4.37,,,18.0,,,2.0,3.0,32.0,2.0,0.0,594.0,3474.0,30.0,122.0,1416.0,11.0,34.0,32.0,90.0,1,0,3,False,skill_run,False,True,False,False
ThomDa03,daniel-thomas-1,00-0028000,Daniel Thomas,RB,2011,2,62,MIA,kansas st.,72.0,230.0,4.62,,,21.0,,,7.0,12.0,155.0,2.0,1.0,545.0,2850.0,30.0,52.0,428.0,0.0,11.0,11.0,52.0,0,0,0,False,skill_run,False,True,False,False
BookDe00,devontae-booker-1,00-0032972,Devontae Booker,RB,2016,4,136,DEN,utah,71.0,219.0,4.56,,,22.0,,,1.0,1.0,25.0,1.0,0.0,560.0,2773.0,21.0,80.0,624.0,2.0,19.0,11.0,93.0,0,0,0,False,skill_run,False,True,False,False
McKiJe00,,00-0031376,Jerick McKinnon,RB,2014,3,96,MIN,georgia southern,69.0,209.0,4.41,40.5,132.0,32.0,6.83,4.12,1.0,4.0,16.0,0.0,0.0,33.0,282.0,3.0,,,,32.0,20.0,116.0,0,0,1,False,skill_run,False,False,False,False
DixoKe00,kenneth-dixon-1,00-0032411,Kenneth Dixon,RB,2016,4,134,BAL,louisiana tech,70.0,215.0,4.56,37.5,121.0,18.0,6.97,4.28,,,,,,801.0,4480.0,72.0,88.0,972.0,15.0,5.0,5.0,18.0,0,0,0,False,skill_run,False,False,False,False
SherAn00,anthony-sherman-1,00-0028074,Anthony Sherman,RB,2011,5,136,ARI,connecticut,70.0,242.0,4.74,32.5,111.0,32.0,7.23,4.41,,,,,,17.0,61.0,0.0,48.0,477.0,1.0,5.0,1.0,153.0,1,0,3,False,skill_run,False,False,False,False
MorrAl00,alfred-morris-1,00-0029141,Alfred Morris,RB,2012,6,173,WAS,florida atlantic,70.0,219.0,4.63,35.5,117.0,16.0,7.01,4.19,,,,,,711.0,3457.0,27.0,29.0,294.0,4.0,36.0,28.0,114.0,2,0,4,False,skill_run,False,False,False,False
LewiDi00,dion-lewis-1,00-0028087,Dion Lewis,RB,2011,5,149,PHI,pittsburgh,67.0,193.0,4.56,34.5,112.0,17.0,6.9,4.18,,,,,,544.0,2860.0,30.0,52.0,405.0,1.0,31.0,1.0,102.0,0,0,2,False,skill_run,False,False,False,False
HenrDe00,derrick-henry-2,00-0032764,Derrick Henry,RB,2016,2,45,TEN,alabama,75.0,247.0,4.54,37.0,130.0,22.0,7.2,4.38,,,,,,603.0,3591.0,42.0,17.0,285.0,3.0,85.0,59.0,153.0,5,1,6,False,skill_run,False,False,False,False
TateBe00,ben-tate-1,00-0027890,Ben Tate,RB,2010,2,58,HOU,auburn,71.0,220.0,4.34,40.5,124.0,26.0,6.91,4.12,,,,,,678.0,3321.0,24.0,53.0,336.0,0.0,14.0,13.0,51.0,0,0,0,False,skill_run,False,False,False,False
RainCh00,chris-rainey-1,00-0029140,Chris Rainey,RB,2012,5,159,PIT,florida,68.0,180.0,4.36,36.5,120.0,16.0,6.5,3.93,,,,,,396.0,2464.0,13.0,69.0,795.0,6.0,1.0,1.0,18.0,0,0,0,False,skill_run,False,False,False,False
JanoAn00,andy-janovich-1,00-0032956,Andy Janovich,RB,2016,6,176,DEN,nebraska,73.0,238.0,4.81,34.0,119.0,30.0,7.28,4.32,,,,,,45.0,271.0,3.0,5.0,87.0,0.0,2.0,2.0,77.0,0,0,1,False,skill_run,False,False,False,False
DaviKn00,knile-davis-1,00-0030280,Knile Davis,RB,2013,3,96,KAN,arkansas,71.0,227.0,4.37,33.5,121.0,31.0,6.96,4.38,,,,,,349.0,1862.0,19.0,32.0,297.0,2.0,10.0,10.0,57.0,0,0,0,False,skill_run,False,False,False,False
DrakKe00,kenyan-drake-1,00-0033118,Kenyan Drake,RB,2016,3,73,MIA,alabama,73.0,210.0,4.45,34.5,123.0,10.0,7.04,4.21,,,,,,233.0,1495.0,18.0,46.0,570.0,4.0,33.0,15.0,104.0,0,0,2,False,skill_run,False,False,False,False
WashDe00,deandre-washington-1,00-0032940,DeAndre Washington,RB,2016,5,143,OAK,texas tech,68.0,204.0,4.49,34.5,116.0,24.0,7.03,4.2,,,,,,605.0,3411.0,23.0,124.0,1091.0,4.0,12.0,11.0,59.0,0,0,0,False,skill_run,False,False,False,False
SmalWe00,wendell-smallwood-1,00-0032782,Wendell Smallwood,RB,2016,5,153,PHI,west virginia,70.0,208.0,4.47,33.5,120.0,14.0,6.83,4.28,,,,,,425.0,2462.0,12.0,68.0,618.0,0.0,10.0,9.0,56.0,0,0,1,False,skill_run,False,False,False,False
MattAl01,alexander-mattison-1,00-0034972,Alexander Mattison,RB,2019,3,102,MIN,boise st.,71.0,221.0,4.67,35.0,127.0,22.0,7.13,4.29,,,,,,581.0,2826.0,33.0,60.0,511.0,1.0,21.0,18.0,89.0,0,0,1,False,skill_run,False,False,False,False
BallVi00,vick-ballard-1,00-0029547,Vick Ballard,RB,2012,5,170,IND,mississippi st.,70.0,219.0,4.59,33.0,115.0,23.0,7.03,4.19,,,,,,379.0,2157.0,29.0,30.0,293.0,2.0,5.0,5.0,17.0,0,0,1,False,skill_run,False,False,False,False
GordMe00,melvin-gordon-1,00-0032144,Melvin Gordon,RB,2015,1,15,SDG,wisconsin,73.0,215.0,4.52,35.0,126.0,19.0,7.04,4.07,,,,,,631.0,4915.0,45.0,22.0,228.0,4.0,51.0,38.0,112.0,2,0,7,False,skill_run,False,False,False,False
AlleAn01,anthony-allen-1,00-0028163,Anthony Allen,RB,2011,7,225,BAL,georgia tech,73.0,228.0,4.56,41.5,120.0,24.0,6.79,4.06,,,,,,546.0,3036.0,33.0,33.0,401.0,5.0,1.0,1.0,21.0,0,0,0,False,skill_run,False,False,False,False
YeldT.00,tj-yeldon-1,00-0032209,T.J. Yeldon,RB,2015,2,36,JAX,alabama,73.0,226.0,4.61,36.0,117.0,22.0,7.19,4.22,,,,,,576.0,3322.0,37.0,46.0,494.0,2.0,20.0,19.0,60.0,0,0,2,False,skill_run,False,False,False,False
ChapSh00,shaun-chapas-1,00-0028158,Shaun Chapas,RB,2011,7,220,DAL,georgia,74.0,247.0,4.87,35.5,116.0,23.0,7.13,4.4,,,,,,40.0,155.0,3.0,26.0,221.0,4.0,0.0,0.0,6.0,0,0,0,False,skill_run,False,False,False,False
GillMi00,mike-gillislee-1,00-0030433,Mike Gillislee,RB,2013,5,164,MIA,florida,71.0,208.0,4.55,30.5,119.0,15.0,7.12,4.4,,,,,,389.0,2072.0,20.0,23.0,182.0,2.0,11.0,0.0,36.0,0,0,0,False,skill_run,False,False,False,False
BestJa00,jahvid-best-1,00-0027880,Jahvid Best,RB,2010,1,30,DET,california,70.0,199.0,4.34,32.5,113.0,18.0,6.75,4.17,,,,,,364.0,2668.0,29.0,62.0,533.0,6.0,13.0,13.0,22.0,0,0,2,False,skill_run,False,False,False,False
CareKa00,kadeem-carey-1,00-0031057,Ka'Deem Carey,RB,2014,4,117,CHI,arizona,69.0,207.0,4.69,32.5,115.0,19.0,7.08,4.38,,,,,,743.0,4239.0,48.0,77.0,679.0,4.0,3.0,3.0,37.0,0,0,0,False,skill_run,False,False,False,False
BlueAl00,alfred-blue-1,00-0031075,Alfred Blue,RB,2014,6,181,HOU,louisiana state,74.0,223.0,4.63,32.0,121.0,13.0,7.15,4.5,,,,,,209.0,1253.0,11.0,16.0,105.0,0.0,18.0,18.0,73.0,0,0,1,False,skill_run,False,False,False,False
HomeTr00,travis-homer-1,00-0035594,Travis Homer,RB,2019,6,204,SEA,miami,70.0,201.0,4.48,39.5,130.0,17.0,7.07,4.31,,,,,,334.0,2000.0,12.0,37.0,405.0,1.0,8.0,8.0,85.0,0,0,0,False,skill_run,False,False,False,False
BernGi00,giovani-bernard-1,00-0030456,Giovani Bernard,RB,2013,2,37,CIN,north carolina,68.0,202.0,4.53,33.5,122.0,19.0,6.91,4.12,,,,,,423.0,2481.0,25.0,92.0,852.0,6.0,42.0,41.0,135.0,0,0,2,False,skill_run,False,False,False,False
WillDe07,dexter-williams-1,00-0034995,Dexter Williams,RB,2019,6,194,GNB,notre dame,71.0,212.0,4.57,36.0,130.0,17.0,7.0,4.16,,,,,,257.0,1636.0,20.0,22.0,162.0,2.0,0.0,0.0,7.0,0,0,0,False,skill_run,False,False,False,False
WillTr06,trayveon-williams-1,00-0035291,Trayveon Williams,RB,2019,6,182,CIN,texas a&m,68.0,206.0,4.51,33.0,121.0,19.0,7.44,4.44,,,,,,600.0,3615.0,34.0,66.0,560.0,1.0,4.0,3.0,75.0,0,0,0,False,skill_run,False,False,False,False
BarnKe00,kenjon-barner-1,00-0030465,Kenjon Barner,RB,2013,6,182,CAR,oregon,69.0,196.0,4.52,35.5,122.0,20.0,6.87,4.2,,,,,,582.0,3623.0,41.0,54.0,591.0,7.0,4.0,0.0,76.0,0,0,0,False,skill_run,False,False,False,False
BohaTo00,tommy-bohanon-1,00-0030112,Tommy Bohanon,RB,2013,7,215,NYJ,wake forest,73.0,246.0,4.88,35.0,119.0,36.0,7.27,4.42,,,,,,50.0,160.0,3.0,51.0,405.0,7.0,1.0,1.0,68.0,0,0,1,False,skill_run,False,False,False,False
HerrDa00,dan-herron-1,00-0029588,Dan Herron,RB,2012,6,191,CIN,ohio st.,70.0,213.0,4.57,35.0,117.0,22.0,6.97,4.04,,,,,,593.0,2872.0,32.0,44.0,309.0,1.0,5.0,0.0,35.0,0,0,0,False,skill_run,False,False,False,False
ConnJo00,john-conner-1,00-0027739,John Conner,RB,2010,5,139,NYJ,kentucky,71.0,246.0,4.64,35.0,111.0,24.0,7.15,4.32,,,,,,54.0,247.0,4.0,25.0,193.0,4.0,0.0,0.0,62.0,0,0,1,False,skill_run,False,False,False,False
MichCh00,christine-michael-1,00-0030432,Christine Michael,RB,2013,2,62,SEA,texas a&m,70.0,220.0,4.54,43.0,125.0,27.0,6.69,4.02,,,,,,529.0,2791.0,34.0,44.0,323.0,1.0,9.0,8.0,38.0,0,0,1,False,skill_run,False,False,False,False
BradAl00,allen-bradford-1,00-0028125,Allen Bradford,RB,2011,6,187,TAM,southern california,71.0,242.0,4.53,29.0,113.0,28.0,6.97,4.39,,,,,,267.0,1585.0,16.0,14.0,176.0,4.0,1.0,0.0,19.0,0,0,0,False,skill_run,False,False,False,False
FranJo01,johnathan-franklin-1,00-0030078,Johnathan Franklin,RB,2013,4,125,GNB,ucla,70.0,205.0,4.49,31.5,115.0,18.0,6.89,4.31,,,,,,788.0,4403.0,31.0,58.0,517.0,3.0,1.0,1.0,11.0,0,0,0,False,skill_run,False,False,False,False
SankBi00,bishop-sankey-1,00-0031413,Bishop Sankey,RB,2014,2,54,TEN,washington,69.0,209.0,4.49,35.5,126.0,26.0,6.75,4.0,,,,,,644.0,3496.0,37.0,67.0,567.0,1.0,6.0,6.0,29.0,0,0,1,False,skill_run,False,False,False,False
RoysEv00,evan-royster-1,00-0028115,Evan Royster,RB,2011,6,177,WAS,penn st.,72.0,212.0,4.65,34.0,113.0,20.0,7.07,4.18,,,,,,686.0,3932.0,29.0,61.0,562.0,3.0,4.0,4.0,32.0,0,0,0,False,skill_run,False,False,False,False
JamiJa00,jawan-jamison-1,00-0030415,Jawan Jamison,RB,2013,7,228,WAS,rutgers,67.0,203.0,4.68,29.0,110.0,20.0,,,1.0,1.0,16.0,1.0,0.0,486.0,1972.0,13.0,36.0,385.0,2.0,,,,0,0,0,False,skill_run,True,True,False,False
FowlJa00,jalston-fowler-1,00-0032130,Jalston Fowler,RB,2015,4,108,TEN,alabama,71.0,254.0,4.94,33.5,114.0,23.0,7.56,4.4,,,,,,112.0,738.0,5.0,19.0,150.0,7.0,0.0,0.0,42.0,0,0,1,False,skill_run,False,False,False,False
AlleJa01,javorius-allen-1,00-0031577,Javorius Allen,RB,2015,4,125,BAL,southern california,72.0,221.0,4.53,35.5,121.0,11.0,6.96,4.28,,,,,,417.0,2306.0,25.0,63.0,710.0,2.0,14.0,14.0,64.0,0,0,0,False,skill_run,False,False,False,False
DaviMi01,mike-davis-9,00-0032063,Mike Davis,RB,2015,4,126,SFO,south carolina,69.0,217.0,4.61,34.0,116.0,17.0,7.0,4.18,,,,,,454.0,2440.0,22.0,70.0,755.0,2.0,20.0,1.0,87.0,0,0,2,False,skill_run,False,False,False,False
AjayJa00,jay-ajayi-1,00-0031590,Jay Ajayi,RB,2015,5,149,MIA,boise st.,72.0,221.0,4.57,39.0,121.0,19.0,7.1,4.1,,,,,,678.0,3796.0,50.0,73.0,771.0,5.0,19.0,14.0,45.0,1,0,2,False,skill_run,False,False,False,False
ArmsRy00,ryquell-armstead-1,00-0035268,Ryquell Armstead,RB,2019,5,140,JAX,temple,71.0,220.0,4.45,30.0,114.0,22.0,7.02,4.29,,,,,,573.0,2812.0,34.0,29.0,175.0,0.0,2.0,2.0,18.0,0,0,0,False,skill_run,False,False,False,False
ScarJo00,jordan-scarlett-1,00-0035275,Jordan Scarlett,RB,2019,5,154,CAR,florida,71.0,208.0,4.47,30.0,116.0,21.0,7.37,4.63,,,,,,344.0,1846.0,12.0,15.0,108.0,0.0,0.0,0.0,10.0,0,0,0,False,skill_run,False,False,False,False
WillKa01,karlos-williams-1,00-0032152,Karlos Williams,RB,2015,5,155,BUF,florida st.,73.0,230.0,4.48,33.5,117.0,16.0,7.16,4.46,,,,,,241.0,1419.0,22.0,37.0,328.0,1.0,4.0,4.0,11.0,0,0,0,False,skill_run,False,False,False,False
WareSp00,spencer-ware-1,00-0030414,Spencer Ware,RB,2013,6,194,SEA,louisiana state,70.0,228.0,4.62,,,,,,1.0,2.0,39.0,1.0,0.0,295.0,1249.0,10.0,39.0,404.0,2.0,17.0,0.0,43.0,0,0,1,False,skill_run,False,True,False,False
TaylSt00,stepfan-taylor-1,00-0030282,Stepfan Taylor,RB,2013,5,140,ARI,stanford,69.0,214.0,4.76,30.0,110.0,17.0,7.13,4.5,,,,,,843.0,4300.0,40.0,97.0,778.0,5.0,3.0,3.0,61.0,0,0,0,False,skill_run,False,False,False,False
AlleBr20,brian-allen-2,00-0021311,Brian Allen,RB,2002,6,204,IND,stanford,69.0,209.0,4.46,33.0,112.0,19.0,6.9,4.08,,,,,,2.0,3.0,0.0,21.0,247.0,1.0,0.0,0.0,4.0,0,0,0,False,skill_run,False,False,False,False
EwinBr00,bradie-ewing-1,00-0029420,Bradie Ewing,RB,2012,5,157,ATL,wisconsin,72.0,239.0,4.73,36.5,120.0,14.0,7.14,4.16,,,,,,7.0,33.0,2.0,28.0,328.0,2.0,0.0,0.0,2.0,0,0,0,False,skill_run,False,False,False,False
DwyeJo00,jonathan-dwyer-1,00-0027786,Jonathan Dwyer,RB,2010,6,188,PIT,georgia tech,71.0,229.0,4.64,33.0,107.0,15.0,7.56,4.67,,,,,,517.0,3226.0,35.0,15.0,263.0,1.0,8.0,8.0,38.0,0,0,1,False,skill_run,False,False,False,False
MareOw00,owen-marecic-1,00-0028062,Owen Marecic,RB,2011,4,124,CLE,stanford,72.0,248.0,4.87,28.5,102.0,22.0,7.1,4.56,,,,,,36.0,67.0,9.0,25.0,258.0,1.0,0.0,0.0,24.0,0,0,0,False,skill_run,False,False,False,False
ChubNi00,nick-chubb-1,00-0034791,Nick Chubb,RB,2018,2,35,CLE,georgia,71.0,227.0,4.52,38.5,128.0,29.0,7.09,4.25,,,,,,758.0,4769.0,44.0,31.0,361.0,4.0,49.0,47.0,100.0,4,0,5,False,skill_run,False,False,False,False
CookJa00,jameel-cook-1,00-0020391,Jameel Cook,RB,2001,6,174,TAM,illinois,70.0,226.0,4.8,29.5,108.0,17.0,7.55,4.38,,,,,,230.0,1503.0,14.0,67.0,730.0,6.0,4.0,2.0,109.0,0,0,2,False,skill_run,False,False,False,False
LascDa00,daniel-lasco-1,00-0032804,Daniel Lasco,RB,2016,7,237,NOR,california,72.0,209.0,4.46,41.5,135.0,23.0,7.22,4.26,,,,,,348.0,1872.0,18.0,48.0,458.0,2.0,0.0,0.0,10.0,0,0,0,False,skill_run,False,False,False,False
HillBr02,brian-hill-4,00-0033567,Brian Hill,RB,2017,5,156,ATL,wyoming,73.0,219.0,4.54,34.0,125.0,15.0,7.03,4.32,,,,,,775.0,4287.0,35.0,41.0,403.0,0.0,9.0,8.0,48.0,0,0,0,False,skill_run,False,False,False,False
SandMi01,miles-sanders-1,00-0035243,Miles Sanders,RB,2019,2,53,PHI,penn st.,71.0,211.0,4.49,36.0,124.0,20.0,6.89,4.19,,,,,,275.0,1646.0,12.0,32.0,193.0,1.0,34.0,29.0,88.0,1,0,4,False,skill_run,False,False,False,False
ThomAn01,anthony-thomas-2,00-0020403,Anthony Thomas,RB,2001,2,38,CHI,michigan,74.0,229.0,4.58,32.5,115.0,20.0,7.48,4.44,,,,,,243.0,1890.0,26.0,113.0,1296.0,15.0,27.0,22.0,86.0,0,0,3,False,skill_run,False,False,False,False
PierBe00,bernard-pierce-1,00-0029264,Bernard Pierce,RB,2012,3,84,BAL,temple,72.0,218.0,4.45,36.5,123.0,17.0,7.07,4.28,,,,,,639.0,3381.0,50.0,19.0,178.0,1.0,10.0,10.0,52.0,0,0,0,False,skill_run,False,False,False,False
CookDa01,dalvin-cook-1,00-0033893,Dalvin Cook,RB,2017,2,41,MIN,florida st.,70.0,210.0,4.49,30.5,116.0,22.0,7.27,4.53,,,,,,687.0,4464.0,46.0,79.0,935.0,2.0,52.0,51.0,90.0,4,0,5,False,skill_run,False,False,False,False
CartDe01,delone-carter-1,00-0028057,Delone Carter,RB,2011,4,119,IND,syracuse,69.0,222.0,4.54,37.0,120.0,27.0,6.92,4.07,,,,,,646.0,3104.0,24.0,28.0,208.0,1.0,3.0,3.0,27.0,0,0,0,False,skill_run,False,False,False,False
WashCh00,chauncey-washington-1,00-0026353,Chauncey Washington,RB,2008,7,213,JAX,southern california,71.0,211.0,4.45,,,,,,0.0,3.0,0.0,0.0,0.0,0.0,30.0,1.0,122.0,1497.0,4.0,0.0,0.0,11.0,0,0,0,False,skill_run,False,True,False,False
HuntKe00,kendall-hunter-1,00-0028053,Kendall Hunter,RB,2011,4,115,SFO,oklahoma st.,67.0,199.0,4.46,35.0,122.0,24.0,6.74,4.21,,,,,,708.0,4181.0,37.0,63.0,519.0,2.0,12.0,12.0,45.0,0,0,0,False,skill_run,False,False,False,False
RidlSt00,stevan-ridley-1,00-0028011,Stevan Ridley,RB,2011,3,73,NWE,louisiana state,71.0,225.0,4.65,36.0,118.0,18.0,6.78,4.21,,,,,,306.0,1419.0,19.0,17.0,94.0,0.0,25.0,23.0,73.0,0,0,1,False,skill_run,False,False,False,False
MurrDe00,demarco-murray-1,00-0028009,DeMarco Murray,RB,2011,3,71,DAL,oklahoma,72.0,213.0,4.37,34.5,124.0,21.0,7.28,4.18,,,,,,759.0,3685.0,50.0,157.0,1571.0,13.0,60.0,40.0,99.0,3,1,7,False,skill_run,False,False,False,False
GreeAl00,alex-green-2,00-0028034,Alex Green,RB,2011,3,96,GNB,hawaii,72.0,225.0,4.45,34.0,114.0,20.0,6.91,4.15,,,,,,232.0,1652.0,20.0,38.0,461.0,2.0,5.0,5.0,29.0,0,0,0,False,skill_run,False,False,False,False
TurbRo00,robert-turbin-1,00-0029273,Robert Turbin,RB,2012,4,106,SEA,utah st.,70.0,222.0,4.42,36.0,122.0,28.0,7.16,4.31,,,,,,565.0,3315.0,40.0,67.0,845.0,11.0,16.0,12.0,82.0,0,0,0,False,skill_run,False,False,False,False
LeshMi00,mikel-leshoure-1,00-0027995,Mikel Leshoure,RB,2011,2,57,DET,illinois,72.0,227.0,4.56,38.0,122.0,21.0,6.82,4.4,,,,,,424.0,2557.0,23.0,37.0,439.0,5.0,5.0,5.0,17.0,0,0,1,False,skill_run,False,False,False,False
WillRy00,ryan-williams-2,00-0027976,Ryan Williams,RB,2011,2,38,ARI,virginia tech,69.0,212.0,4.59,40.0,123.0,19.0,6.96,4.18,,,,,,403.0,2132.0,30.0,26.0,289.0,2.0,1.0,1.0,5.0,0,0,0,False,skill_run,False,False,False,False
PeriSa00,samaje-perine-1,00-0033526,Samaje Perine,RB,2017,4,114,WAS,oklahoma,71.0,233.0,4.65,33.0,116.0,30.0,7.26,4.37,,,,,,685.0,4122.0,49.0,40.0,321.0,2.0,26.0,5.0,125.0,0,0,1,False,skill_run,False,False,False,False
MartDo00,doug-martin-1,00-0029613,Doug Martin,RB,2012,1,31,TAM,boise st.,69.0,223.0,4.46,36.0,120.0,28.0,6.79,4.16,,,,,,617.0,3431.0,43.0,67.0,715.0,4.0,39.0,35.0,84.0,2,1,7,False,skill_run,False,False,False,False
GallWa00,wayne-gallman-1,00-0033950,Wayne Gallman,RB,2017,4,140,NYG,clemson,72.0,215.0,4.6,29.5,120.0,21.0,7.17,4.28,,,,,,676.0,3429.0,34.0,65.0,473.0,2.0,12.0,11.0,61.0,0,0,1,False,skill_run,False,False,False,False
HeluRo00,roy-helu-jr-1,00-0028043,Roy Helu,RB,2011,4,105,WAS,nebraska,71.0,219.0,4.4,36.5,119.0,11.0,6.67,4.01,,,,,,578.0,3404.0,28.0,54.0,501.0,0.0,13.0,13.0,57.0,0,0,1,False,skill_run,False,False,False,False
PumpDo00,donnel-pumphrey-1,00-0033561,Donnel Pumphrey,RB,2017,4,132,PHI,san diego st.,68.0,176.0,4.48,33.5,117.0,5.0,,,1.0,5.0,16.0,1.0,0.0,1059.0,6405.0,62.0,100.0,1041.0,5.0,,,,0,0,0,False,skill_run,True,True,False,False
LangJe00,jeremy-langford-1,00-0031569,Jeremy Langford,RB,2015,4,106,CHI,michigan st.,72.0,208.0,4.42,34.5,118.0,,7.22,4.32,,,,,,577.0,2967.0,40.0,39.0,219.0,1.0,7.0,7.0,29.0,0,0,0,False,skill_run,False,True,False,False
JohnDa08,,00-0032187,David Johnson,RB,2015,3,86,ARI,northern iowa,73.0,224.0,4.5,41.5,127.0,25.0,6.82,4.27,,,,,,88.0,410.0,4.0,26.0,584.0,6.0,42.0,33.0,92.0,1,1,3,False,skill_run,False,False,False,False
BakeEd01,edwin-baker-1,00-0029317,Edwin Baker,RB,2012,7,250,SDG,michigan st.,68.0,204.0,4.44,35.0,111.0,20.0,7.27,4.31,,,,,,462.0,2293.0,19.0,15.0,125.0,1.0,1.0,,6.0,0,0,0,False,skill_run,False,False,False,False
WillJa06,jamaal-williams-1,00-0033948,Jamaal Williams,RB,2017,4,134,GNB,byu,72.0,212.0,4.59,30.0,123.0,,7.25,4.53,,,,,,726.0,3901.0,35.0,60.0,567.0,1.0,33.0,19.0,117.0,0,0,3,False,skill_run,False,True,False,False
JoneMa04,matt-jones-3,00-0031939,Matt Jones,RB,2015,3,95,WAS,florida,74.0,231.0,4.61,31.5,112.0,20.0,,4.2,,,,,,297.0,1431.0,11.0,19.0,100.0,1.0,9.0,9.0,25.0,0,0,0,False,skill_run,False,True,False,False
WhitJo01,johnny-white-1,00-0028071,Johnny White,RB,2011,5,133,BUF,north carolina,70.0,209.0,4.5,32.5,117.0,,7.07,4.31,,,,,,246.0,1262.0,8.0,47.0,510.0,1.0,0.0,0.0,19.0,0,0,0,False,skill_run,False,True,False,False
PeadIs00,isaiah-pead-1,00-0029626,Isaiah Pead,RB,2012,2,50,STL,cincinnati,70.0,197.0,4.39,33.0,116.0,,6.95,4.32,,,,,,545.0,3288.0,27.0,87.0,721.0,6.0,1.0,1.0,30.0,0,0,0,False,skill_run,False,True,False,False
JoneJu01,julius-jones-1,00-0022840,Julius Jones,RB,2004,2,43,DAL,notre dame,70.0,217.0,4.47,37.5,121.0,,6.97,4.12,,,,,,10.0,139.0,2.0,179.0,2653.0,15.0,38.0,29.0,94.0,0,0,6,False,skill_run,False,True,False,False
EdmoCh00,,00-0034681,Chase Edmonds,RB,2018,4,134,ARI,fordham,69.0,205.0,4.55,34.0,122.0,19.0,6.79,4.07,,,,,,66.0,291.0,4.0,13.0,197.0,0.0,21.0,17.0,86.0,0,0,1,False,skill_run,False,False,False,False
JameMi00,mike-james-1,00-0030391,Mike James,RB,2013,6,189,TAM,miami,70.0,223.0,4.53,35.0,115.0,28.0,,4.62,,,,,,304.0,1340.0,17.0,67.0,585.0,5.0,2.0,2.0,23.0,0,0,0,False,skill_run,False,True,False,False
WilsDa01,david-wilson-1,00-0029251,David Wilson,RB,2012,1,32,NYG,virginia tech,70.0,206.0,4.38,41.0,132.0,,7.09,4.12,,,,,,462.0,2662.0,18.0,37.0,363.0,5.0,5.0,5.0,21.0,0,0,0,False,skill_run,False,True,False,False
BawdNi00,nick-bawden-1,00-0034433,Nick Bawden,RB,2018,7,237,DET,san diego st.,74.0,245.0,,,,,,,13.0,38.0,147.0,1.0,2.0,12.0,47.0,0.0,30.0,240.0,1.0,0.0,0.0,35.0,0,0,0,False,skill_run,False,True,False,False
TaliLo00,,00-0031066,Lorenzo Taliaferro,RB,2014,4,138,BAL,coastal carolina,72.0,229.0,4.58,33.0,118.0,18.0,6.88,4.22,,,,,,20.0,51.0,0.0,5.0,20.0,1.0,3.0,3.0,19.0,0,0,0,False,skill_run,False,False,False,False
WillAn00,andre-williams-2,00-0031055,Andre Williams,RB,2014,4,113,NYG,boston col.,71.0,230.0,4.56,38.0,129.0,,7.27,4.06,,,,,,704.0,3739.0,28.0,10.0,60.0,0.0,7.0,6.0,41.0,0,0,0,False,skill_run,False,True,False,False
FreeDe00,devonta-freeman-1,00-0031285,Devonta Freeman,RB,2014,4,103,ATL,florida st.,68.0,206.0,4.58,31.5,118.0,,7.11,4.26,,,,,,404.0,2255.0,30.0,47.0,475.0,1.0,49.0,45.0,98.0,2,0,4,False,skill_run,False,True,False,False
MurpMa03,marcus-murphy-1,00-0031959,Marcus Murphy,RB,2015,7,230,NOR,missouri,69.0,198.0,4.61,29.0,109.0,11.0,,4.4,,,,,,337.0,1957.0,16.0,50.0,318.0,2.0,2.0,1.0,28.0,0,0,0,False,skill_run,False,True,False,False
McNiJe00,jeremy-mcnichols-1,00-0033955,Jeremy McNichols,RB,2017,5,162,TAM,boise st.,69.0,214.0,4.49,35.5,121.0,,6.93,4.28,,,,,,571.0,3205.0,44.0,103.0,1089.0,11.0,9.0,,71.0,0,0,0,False,skill_run,False,True,False,False
WaltMa00,mark-walton-1,00-0034679,Mark Walton,RB,2018,4,112,CIN,miami,70.0,202.0,4.6,31.5,118.0,18.0,,,,,,,,394.0,1995.0,26.0,56.0,624.0,2.0,3.0,1.0,21.0,0,0,0,False,skill_run,False,True,False,False
MackMa00,marlon-mack-1,00-0033951,Marlon Mack,RB,2017,4,143,IND,south florida,71.0,213.0,4.5,35.5,125.0,15.0,,,,,,,,586.0,3609.0,32.0,65.0,498.0,1.0,20.0,19.0,55.0,0,0,2,False,skill_run,False,True,False,False
DayeMa00,matt-dayes-1,00-0033596,Matthew Dayes,RB,2017,7,252,CLE,north carolina st.,69.0,205.0,4.47,28.0,109.0,18.0,,,,,,,,550.0,2856.0,34.0,98.0,933.0,6.0,0.0,0.0,23.0,0,0,0,False,skill_run,False,True,False,False
HarrDa06,damien-harris-1,00-0035657,Damien Harris,RB,2019,3,87,NWE,alabama,70.0,216.0,4.57,37.0,121.0,16.0,,,,,,,,476.0,3073.0,23.0,52.0,407.0,2.0,16.0,15.0,44.0,0,0,3,False,skill_run,False,True,False,False
MasoTr00,tre-mason-1,00-0031391,Tre Mason,RB,2014,3,75,STL,auburn,68.0,207.0,4.5,38.5,126.0,,,4.15,,,,,,516.0,2979.0,32.0,19.0,249.0,1.0,8.0,8.0,25.0,0,0,1,False,skill_run,False,True,False,False
LogaT.00,tj-logan-1,00-0033789,T.J. Logan,RB,2017,5,179,ARI,north carolina,69.0,196.0,4.37,33.5,121.0,17.0,,,,,,,,398.0,2165.0,19.0,76.0,663.0,4.0,0.0,0.0,22.0,0,0,0,False,skill_run,False,True,False,False
PerkPa00,paul-perkins-1,00-0032417,Paul Perkins,RB,2016,5,149,NYG,ucla,70.0,208.0,4.54,32.0,124.0,19.0,,,,,,,,621.0,3488.0,29.0,80.0,739.0,3.0,5.0,5.0,29.0,0,0,0,False,skill_run,False,True,False,False
ErviTy00,tyler-ervin-1,00-0032404,Tyler Ervin,RB,2016,4,119,HOU,san jose st.,70.0,192.0,4.41,39.0,130.0,17.0,,,,,,,,528.0,2803.0,19.0,87.0,783.0,4.0,2.0,0.0,43.0,0,0,0,False,skill_run,False,True,False,False
HydeCa00,carlos-hyde-1,00-0031045,Carlos Hyde,RB,2014,2,57,SFO,ohio st.,72.0,230.0,4.62,34.5,114.0,19.0,,,,,,,,523.0,3198.0,37.0,34.0,271.0,4.0,32.0,18.0,102.0,0,0,4,False,skill_run,False,True,False,False
JohnSt03,storm-johnson-1,00-0031243,Storm Johnson,RB,2014,7,222,JAX,central florida,72.0,209.0,4.6,35.5,118.0,16.0,,,,,,,,335.0,1765.0,19.0,41.0,289.0,3.0,0.0,0.0,6.0,0,0,0,False,skill_run,False,True,False,False
HillJe01,jeremy-hill-2,00-0031301,Jeremy Hill,RB,2014,2,55,CIN,louisiana state,73.0,233.0,4.56,29.0,113.0,20.0,,,,,,,,345.0,2156.0,28.0,26.0,254.0,0.0,21.0,21.0,55.0,0,0,3,False,skill_run,False,True,False,False
ConnJa00,james-conner-1,00-0033553,James Conner,RB,2017,3,105,PIT,pittsburgh,73.0,233.0,4.65,29.0,113.0,20.0,,,,,,,,668.0,3733.0,52.0,30.0,412.0,4.0,49.0,17.0,110.0,2,0,6,False,skill_run,False,True,False,False
GanaTe00,terrance-ganaway-1,00-0029427,Terrance Ganaway,RB,2012,6,202,NYJ,baylor,71.0,239.0,4.61,37.5,119.0,,7.15,4.25,,,,,,364.0,2042.0,28.0,12.0,133.0,1.0,0.0,,3.0,0,0,0,False,skill_run,False,True,False,False
RobiJo02,josh-robinson-2,00-0031611,Josh Robinson,RB,2015,6,205,IND,mississippi st.,68.0,217.0,4.7,32.0,113.0,21.0,,,,,,,,323.0,1997.0,15.0,43.0,493.0,1.0,0.0,0.0,5.0,0,0,0,False,skill_run,False,True,False,False
ScarBo01,bo-scarbrough-1,00-0034432,Bo Scarbrough,RB,2018,7,236,DAL,alabama,73.0,228.0,4.52,40.0,129.0,14.0,,4.34,,,,,,267.0,1512.0,20.0,21.0,131.0,0.0,2.0,,7.0,0,0,0,False,skill_run,False,True,False,False
ThomDe05,deanthony-thomas-1,00-0031060,De'Anthony Thomas,RB,2014,4,124,KAN,oregon,69.0,174.0,4.39,32.0,124.0,8.0,,,,,,,,243.0,1890.0,26.0,113.0,1296.0,15.0,7.0,7.0,69.0,0,0,0,False,skill_run,False,True,False,False
PollTo00,tony-pollard-1,00-0035261,Tony Pollard,RB,2019,4,128,DAL,memphis,72.0,210.0,4.52,35.0,121.0,13.0,,,,,,,,140.0,942.0,9.0,103.0,1278.0,9.0,45.0,34.0,112.0,1,0,2,False,skill_run,False,True,False,False
ArtiCa00,cameron-artis-payne-1,00-0031599,Cameron Artis-Payne,RB,2015,5,174,CAR,auburn,70.0,212.0,4.53,36.5,118.0,,7.13,,,,,,,394.0,2218.0,19.0,14.0,151.0,0.0,5.0,5.0,32.0,0,0,0,False,skill_run,False,True,False,False
HillJu00,justice-hill-1,00-0034975,Justice Hill,RB,2019,4,113,BAL,oklahoma st.,70.0,198.0,4.4,40.0,130.0,21.0,,,,,,,,632.0,3539.0,30.0,49.0,304.0,1.0,17.0,17.0,84.0,0,0,0,False,skill_run,False,True,False,False
CollAl00,alex-collins-1,00-0032426,Alex Collins,RB,2016,5,171,SEA,arkansas,70.0,217.0,4.59,28.5,113.0,18.0,,,,,,,,665.0,3703.0,36.0,27.0,167.0,0.0,17.0,5.0,50.0,0,0,2,False,skill_run,False,True,False,False
PennRa00,rashaad-penny-1,00-0034750,Rashaad Penny,RB,2018,1,27,SEA,san diego st.,71.0,220.0,4.46,32.5,120.0,13.0,,,,,,,,487.0,3643.0,38.0,42.0,479.0,6.0,13.0,13.0,45.0,0,0,0,False,skill_run,False,True,False,False
McKnJo00,joe-mcknight-1,00-0027712,Joe McKnight,RB,2010,4,112,NYJ,southern california,71.0,198.0,4.4,36.5,120.0,18.0,,,,,,,,347.0,2213.0,13.0,66.0,542.0,2.0,7.0,6.0,41.0,0,0,0,False,skill_run,False,True,False,False
WestTe00,,00-0031375,Terrance West,RB,2014,3,94,CLE,towson,69.0,225.0,4.56,33.5,120.0,16.0,,,,,,,,81.0,315.0,6.0,3.0,12.0,0.0,11.0,3.0,43.0,0,0,2,False,skill_run,False,True,False,False
GuicDe00,derrius-guice-1,00-0034358,Derrius Guice,RB,2018,2,59,WAS,louisiana state,70.0,224.0,4.49,31.5,,15.0,,,,,,,,471.0,3074.0,29.0,32.0,250.0,3.0,2.0,2.0,5.0,0,0,0,False,skill_run,False,True,False,False
CoxxCh01,chandler-cox-1,00-0035310,Chandler Cox,RB,2019,7,233,MIA,auburn,,,,,,,,,1.0,2.0,-3.0,0.0,1.0,11.0,18.0,3.0,25.0,225.0,1.0,0.0,0.0,21.0,0,0,0,False,skill_run,False,True,True,False
RiddTh00,theo-riddick-1,00-0030107,Theo Riddick,RB,2013,6,199,DET,notre dame,70.0,201.0,4.68,32.0,118.0,,,,,,,,,244.0,1169.0,5.0,120.0,1263.0,8.0,24.0,24.0,88.0,0,0,1,False,skill_run,False,True,False,False
SmitTe00,terrelle-smith-1,00-0019587,Terrelle Smith,RB,2000,4,96,NOR,arizona st.,72.0,249.0,5.0,32.5,109.0,19.0,8.38,4.85,,,,,,,,,2.0,8.0,0.0,3.0,2.0,146.0,0,0,8,False,skill_run,False,False,False,True
MixoJo00,joe-mixon-1,00-0033897,Joe Mixon,RB,2017,2,48,CIN,oklahoma,,,,,,,,,1.0,1.0,26.0,1.0,0.0,300.0,2027.0,17.0,65.0,894.0,9.0,56.0,49.0,111.0,2,0,6,False,skill_run,False,True,True,False
ElliEz00,ezekiel-elliott-1,00-0033045,Ezekiel Elliott,RB,2016,1,4,DAL,ohio st.,72.0,225.0,4.47,32.5,118.0,,,,,,,,,592.0,3961.0,43.0,58.0,449.0,1.0,68.0,65.0,135.0,3,1,7,False,skill_run,False,True,False,False
CoheTa00,,00-0033556,Tarik Cohen,RB,2017,4,119,CHI,north carolina a&t,66.0,179.0,4.42,31.5,118.0,11.0,,,,,,,,43.0,218.0,1.0,10.0,145.0,0.0,21.0,21.0,51.0,1,1,2,False,skill_run,False,True,False,False
WillJo12,joe-williams-7,00-0033286,Joe Williams,RB,2017,4,121,SFO,utah,71.0,210.0,4.41,35.0,125.0,14.0,7.19,4.19,,,,,,314.0,1884.0,13.0,20.0,191.0,0.0,,,,0,0,0,False,skill_run,True,False,False,False
ProsC.00,cj-prosise-1,00-0032393,C.J. Prosise,RB,2016,3,90,SEA,notre dame,72.0,220.0,4.48,35.5,121.0,,,,,,,,,166.0,1158.0,12.0,62.0,896.0,3.0,5.0,5.0,35.0,0,0,0,False,skill_run,False,True,False,False
MichSo00,sony-michel-1,00-0034845,Sony Michel,RB,2018,1,31,NWE,georgia,71.0,214.0,4.54,,,22.0,,4.21,,,,,,591.0,3638.0,33.0,64.0,621.0,6.0,21.0,15.0,65.0,0,0,2,False,skill_run,False,True,False,False
HillRo00,ronnie-hillman-1,00-0029683,Ronnie Hillman,RB,2012,3,67,DEN,san diego st.,69.0,200.0,4.42,37.0,,17.0,,,,,,,,573.0,3243.0,36.0,33.0,338.0,2.0,17.0,15.0,56.0,0,0,1,False,skill_run,False,True,False,False
ElliRh00,rhett-ellison-1,00-0029587,Rhett Ellison,RB,2012,4,128,MIN,southern california,77.0,251.0,4.78,31.5,109.0,,,,,,,,,1.0,-5.0,0.0,53.0,471.0,6.0,9.0,4.0,113.0,0,0,4,False,skill_run,False,True,False,False
MillLa01,lamar-miller-1,00-0029615,Lamar Miller,RB,2012,4,97,MIA,miami,71.0,212.0,4.34,33.0,,,,,,,,,,335.0,1918.0,15.0,28.0,181.0,1.0,42.0,22.0,106.0,1,0,6,False,skill_run,False,True,False,False
ReynKe00,keenan-reynolds-1,00-0033078,Keenan Reynolds,RB,2016,6,182,BAL,navy,,,,,,,,,242.0,462.0,4001.0,31.0,8.0,977.0,4559.0,88.0,1.0,47.0,0.0,0.0,,2.0,0,0,0,False,skill_run,False,True,True,False
HillKe01,kenny-hilliard-1,00-0031625,Kenny Hilliard,RB,2015,7,235,HOU,louisiana state,72.0,226.0,4.83,27.0,111.0,,7.17,4.4,,,,,,302.0,1557.0,27.0,11.0,69.0,1.0,,,,0,0,0,False,skill_run,True,True,False,False
PoweBi00,bilal-powell-1,00-0028064,Bilal Powell,RB,2011,4,126,NYJ,louisville,70.0,207.0,4.51,,,18.0,,,,,,,,436.0,2338.0,19.0,45.0,344.0,3.0,26.0,26.0,109.0,0,0,3,False,skill_run,False,True,False,False
JoneRo01,ronald-jones-4,00-0034816,Ronald Jones II,RB,2018,2,38,TAM,southern california,71.0,205.0,4.65,36.5,,,,,,,,,,591.0,3619.0,39.0,32.0,302.0,3.0,18.0,17.0,61.0,0,0,2,False,skill_run,False,True,False,False
BrowDo00,donald-brown-1,00-0027003,Donald Brown,RB,2009,1,27,IND,connecticut,70.0,210.0,4.46,41.5,125.0,,6.93,4.1,,,,,,,,,57.0,798.0,5.0,25.0,21.0,89.0,0,0,1,False,skill_run,False,True,False,True
ColeTe01,tevin-coleman-1,00-0032058,Tevin Coleman,RB,2015,3,73,ATL,indiana,71.0,206.0,4.4,,,22.0,,,,,,,,452.0,3219.0,28.0,54.0,383.0,0.0,33.0,25.0,94.0,0,0,2,False,skill_run,False,True,False,False
GaffTy00,tyler-gaffney-1,00-0031190,Tyler Gaffney,RB,2014,6,204,CAR,stanford,71.0,220.0,4.49,36.5,116.0,,6.78,4.18,,,,,,486.0,2500.0,33.0,32.0,264.0,4.0,,,,0,0,0,False,skill_run,True,True,False,False
ThomCh03,chris-thompson-1,00-0030404,Chris Thompson,RB,2013,5,154,WAS,florida st.,67.0,192.0,4.42,,,21.0,,,,,,,,276.0,1736.0,14.0,45.0,430.0,1.0,20.0,19.0,74.0,0,0,0,False,skill_run,False,True,False,False
LacyEd00,eddie-lacy-1,00-0030485,Eddie Lacy,RB,2013,2,61,GNB,alabama,71.0,231.0,4.55,,,,,,,,,,,355.0,2402.0,30.0,35.0,338.0,2.0,36.0,34.0,60.0,1,0,3,False,skill_run,False,True,False,False
ForeDO00,donta-foreman-1,00-0033925,D'Onta Foreman,RB,2017,3,89,HOU,texas,72.0,233.0,,,,18.0,,,,,,,,434.0,2783.0,20.0,13.0,146.0,0.0,17.0,2.0,63.0,0,0,1,False,skill_run,False,True,False,False
JoneGr01,greg-jones-1,00-0022897,Greg Jones,RB,2004,2,55,JAX,florida st.,73.0,249.0,4.55,,,,,,,,,,,9.0,144.0,0.0,39.0,811.0,6.0,9.0,9.0,131.0,0,0,5,False,skill_run,False,True,False,False
HoodEl00,elijah-hood-1,00-0033975,Elijah Hood,RB,2017,7,242,OAK,north carolina,72.0,232.0,,,,18.0,,,,,,,,431.0,2580.0,29.0,40.0,211.0,0.0,0.0,0.0,1.0,0,0,0,False,skill_run,False,True,False,False
RichTr00,trent-richardson-1,00-0029675,Trent Richardson,RB,2012,1,3,CLE,alabama,69.0,228.0,4.48,,,,,,,,,,,540.0,3130.0,35.0,68.0,730.0,7.0,17.0,7.0,46.0,0,0,3,False,skill_run,False,True,False,False
BennMi00,michael-bennett-1,00-0020514,Michael Bennett,RB,2001,1,27,MIN,wisconsin,69.0,207.0,4.38,39.5,130.0,13.0,,,,,,,,,,,134.0,1607.0,17.0,34.0,29.0,107.0,1,0,3,False,skill_run,False,True,False,True
SeasLa00,lache-seastrunk-1,00-0031078,Lache Seastrunk,RB,2014,6,186,WAS,baylor,69.0,201.0,4.51,41.5,134.0,15.0,,,,,,,,289.0,2189.0,18.0,9.0,107.0,1.0,,,,0,0,0,False,skill_run,True,True,False,False
TaylKe01,kelvin-taylor-1,00-0032440,Kelvin Taylor,RB,2016,6,211,SFO,florida,70.0,207.0,4.6,32.0,113.0,15.0,,,,,,,,486.0,2108.0,23.0,24.0,179.0,0.0,,,,0,0,0,False,skill_run,True,True,False,False
HaviSt00,stanley-havili-1,00-0028178,Stanley Havili,RB,2011,7,240,PHI,southern california,72.0,227.0,4.64,,,,,,,,,,,81.0,509.0,3.0,116.0,1290.0,12.0,1.0,0.0,28.0,0,0,1,False,skill_run,False,True,False,False
MoreKn00,knowshon-moreno-1,00-0026988,Knowshon Moreno,RB,2009,1,12,DEN,georgia,71.0,217.0,4.5,35.5,115.0,25.0,6.84,4.27,,,,,,,,,,,,33.0,32.0,63.0,0,0,3,False,skill_run,False,False,False,True
CoffGl00,glen-coffee-1,00-0027048,Glen Coffee,RB,2009,3,74,SFO,alabama,72.0,209.0,4.5,36.0,121.0,24.0,7.35,4.51,,,,,,,,,,,,2.0,2.0,14.0,0,0,0,False,skill_run,False,False,False,True
GreeSh00,shonn-greene-1,00-0026899,Shonn Greene,RB,2009,3,65,NYJ,iowa,70.0,227.0,4.55,37.0,121.0,19.0,7.1,4.4,,,,,,,,,,,,23.0,20.0,85.0,0,0,2,False,skill_run,False,False,False,True
DixoAn00,anthony-dixon-1,00-0027772,Anthony Dixon,RB,2010,6,173,SFO,mississippi st.,73.0,233.0,4.67,33.0,121.0,15.0,7.09,4.49,,,,,,,,,,,,7.0,3.0,96.0,0,0,0,False,skill_run,False,False,False,True
BrowAn03,andre-brown-1,00-0027094,Andre Brown,RB,2009,4,129,NYG,north carolina st.,72.0,224.0,4.37,37.0,115.0,24.0,7.35,4.33,,,,,,,,,,,,7.0,7.0,22.0,0,0,1,False,skill_run,False,False,False,True
FiamTo00,tony-fiammetta-1,00-0027093,Tony Fiammetta,RB,2009,4,128,CAR,syracuse,72.0,245.0,4.58,34.0,112.0,30.0,7.31,4.49,,,,,,,,,,,,1.0,0.0,51.0,0,0,2,False,skill_run,False,False,False,True
GoodMi00,mike-goodson-1,00-0027080,Mike Goodson,RB,2009,4,111,CAR,texas a&m,72.0,208.0,4.43,39.5,118.0,14.0,6.89,4.22,,,,,,,,,,,,7.0,4.0,42.0,0,0,0,False,skill_run,False,False,False,True
OgboCh00,chris-ogbonnaya-1,00-0027140,Chris Ogbonnaya,RB,2009,7,211,STL,texas,72.0,220.0,4.57,35.0,111.0,19.0,6.85,4.29,,,,,,,,,,,,7.0,0.0,53.0,0,0,1,False,skill_run,False,False,False,True
DaviJa03,james-davis-1,00-0027130,James Davis,RB,2009,6,195,CLE,clemson,71.0,218.0,4.45,32.0,109.0,17.0,7.15,4.37,,,,,,,,,,,,1.0,0.0,9.0,0,0,0,False,skill_run,False,False,False,True
RingJa00,javon-ringer-1,00-0027120,Javon Ringer,RB,2009,5,173,TEN,michigan st.,69.0,205.0,4.5,34.0,115.0,23.0,6.87,4.11,,,,,,,,,,,,5.0,5.0,37.0,0,0,0,False,skill_run,False,False,False,True
MarsKe00,keith-marshall-1,00-0032806,Keith Marshall,RB,2016,7,242,WAS,georgia,71.0,219.0,4.31,30.5,,25.0,,,,,,,,253.0,1379.0,12.0,24.0,225.0,3.0,,,,0,0,0,False,skill_run,True,True,False,False
JacoJo01,joshua-jacobs-1,00-0035700,Josh Jacobs,RB,2019,1,24,OAK,alabama,70.0,220.0,,,,,,,,,,,,252.0,1488.0,16.0,48.0,581.0,5.0,57.0,38.0,105.0,3,1,6,False,skill_run,False,True,False,False
JameLa00,lamichael-james-1,00-0029260,LaMichael James,RB,2012,2,61,SFO,oregon,68.0,194.0,4.35,35.0,123.0,15.0,6.88,4.12,,,,,,,,,,,,2.0,2.0,18.0,0,0,0,False,skill_run,False,False,False,True
WebeMi00,mike-weber-1,00-0035303,Mike Weber,RB,2019,7,218,DAL,ohio st.,70.0,211.0,4.47,33.5,,22.0,,,,,,,,454.0,2676.0,24.0,54.0,297.0,1.0,,,,0,0,0,False,skill_run,True,True,False,False
GricMa00,marion-grice-1,00-0030999,Marion Grice,RB,2014,6,201,SDG,arizona st.,72.0,208.0,4.67,,,,,,,,,,,294.0,1675.0,25.0,91.0,863.0,14.0,0.0,,10.0,0,0,0,False,skill_run,False,True,False,False
BaxtJa00,jarrod-baxter-1,00-0021253,Jarrod Baxter,RB,2002,5,136,HOU,new mexico,73.0,245.0,4.7,32.5,116.0,23.0,7.1,4.27,,,,,,,,,,,,0.0,0.0,32.0,0,0,1,False,skill_run,False,False,False,True
LyncMa00,marshawn-lynch-1,00-0025399,Marshawn Lynch,RB,2007,1,12,BUF,california,71.0,215.0,4.46,35.5,125.0,20.0,7.05,4.55,,,,,,,,,,,,74.0,15.0,149.0,5,1,8,False,skill_run,False,False,False,True
HaynVe00,verron-haynes-1,00-0021279,Verron Haynes,RB,2002,5,166,PIT,georgia,70.0,224.0,4.78,31.5,117.0,25.0,7.27,4.08,,,,,,,,,,,,9.0,9.0,68.0,0,0,0,False,skill_run,False,False,False,True
VickLa00,lawrence-vickers-1,00-0024394,Lawrence Vickers,RB,2006,6,180,CLE,colorado,72.0,245.0,4.82,30.5,104.0,21.0,7.74,4.63,,,,,,,,,,,,3.0,2.0,106.0,0,0,3,False,skill_run,False,False,False,True
EasyOm00,omar-easy-1,00-0021087,Omar Easy,RB,2002,4,107,KAN,penn st.,73.0,244.0,4.53,40.0,123.0,21.0,7.25,4.12,,,,,,,,,,,,0.0,0.0,53.0,0,0,0,False,skill_run,False,False,False,True
LundWa00,wali-lundy-1,00-0024384,Wali Lundy,RB,2006,6,170,HOU,virginia,71.0,214.0,4.48,35.0,111.0,18.0,6.99,4.36,,,,,,,,,,,,5.0,5.0,14.0,0,0,1,False,skill_run,False,False,False,True
JohnRu00,rudi-johnson-1,00-0020407,Rudi Johnson,RB,2001,4,100,CIN,auburn,70.0,227.0,4.57,37.5,119.0,24.0,7.32,4.22,,,,,,,,,,,,46.0,45.0,95.0,1,0,5,False,skill_run,False,False,False,True
BrowRo05,ronnie-brown-1,00-0023437,Ronnie Brown,RB,2005,1,2,MIA,auburn,72.0,233.0,4.43,34.0,117.0,18.0,7.1,4.08,,,,,,,,,,,,41.0,36.0,132.0,1,0,6,False,skill_run,False,False,False,True
MartJa01,jamar-martin-1,00-0021387,Jamar Martin,RB,2002,4,129,DAL,ohio st.,71.0,245.0,4.89,32.0,108.0,23.0,7.53,4.34,,,,,,,,,,,,0.0,0.0,25.0,0,0,0,False,skill_run,False,False,False,True
EvanHe00,heath-evans-1,00-0020507,Heath Evans,RB,2001,3,82,SEA,auburn,72.0,246.0,4.56,34.5,111.0,30.0,7.3,4.24,,,,,,,,,,,,8.0,2.0,143.0,0,0,0,False,skill_run,False,False,False,True
WillCa02,carnell-williams-1,00-0023440,Cadillac Williams,RB,2005,1,5,TAM,auburn,71.0,217.0,4.43,35.5,118.0,19.0,6.94,4.15,,,,,,,,,,,,28.0,27.0,81.0,0,0,4,False,skill_run,False,False,False,True
CartRo01,rock-cartwright-1,00-0021357,Rock Cartwright,RB,2002,7,257,WAS,kansas st.,68.0,237.0,4.47,35.0,116.0,30.0,7.18,4.25,,,,,,,,,,,,9.0,9.0,154.0,0,0,0,False,skill_run,False,False,False,True
StitSh00,shyrone-stith-1,00-0018971,Shyrone Stith,RB,2000,7,243,JAX,virginia tech,67.0,204.0,4.6,35.0,111.0,13.0,7.14,4.14,,,,,,,,,,,,0.0,0.0,15.0,0,0,0,False,skill_run,False,False,False,True
TurnMi00,michael-turner-2,00-0022821,Michael Turner,RB,2004,5,154,SDG,northern illinois,70.0,237.0,4.49,31.0,114.0,22.0,7.5,4.15,,,,,,,,,,,,55.0,9.0,134.0,2,1,5,False,skill_run,False,False,False,True
TomlLa00,ladainian-tomlinson-1,00-0020536,LaDainian Tomlinson,RB,2001,1,5,SDG,texas christian,70.0,221.0,4.46,40.5,124.0,18.0,6.84,4.21,,,,,,,,,,,,129.0,121.0,170.0,5,3,10,True,skill_run,False,False,False,True
WolfGa00,garrett-wolfe-1,00-0025480,Garrett Wolfe,RB,2007,3,93,CHI,northern illinois,67.0,186.0,4.39,35.5,116.0,22.0,6.69,4.08,,,,,,,,,,,,2.0,2.0,50.0,0,0,0,False,skill_run,False,False,False,True
WrigDw01,dwayne-wright-1,00-0025498,Dwayne Wright,RB,2007,4,111,BUF,fresno st.,71.0,228.0,4.66,34.0,115.0,14.0,7.23,4.43,,,,,,,,,,,,1.0,1.0,15.0,0,0,0,False,skill_run,False,False,False,True
HenrLe20,leonard-henry-1,00-0021343,Leonard Henry,RB,2002,7,241,MIA,east carolina,73.0,206.0,4.57,35.0,113.0,26.0,7.11,4.29,,,,,,,,,,,,1.0,1.0,6.0,0,0,0,False,skill_run,False,False,False,True
ScobJo00,josh-scobey-1,00-0021098,Josh Scobey,RB,2002,6,185,ARI,kansas st.,71.0,218.0,4.42,40.5,124.0,21.0,6.96,3.93,,,,,,,,,,,,3.0,3.0,62.0,0,0,0,False,skill_run,False,False,False,True
JackBr00,brandon-jackson-2,00-0025450,Brandon Jackson,RB,2007,2,63,GNB,nebraska,70.0,210.0,4.54,37.0,122.0,21.0,7.0,4.14,,,,,,,,,,,,16.0,16.0,54.0,0,0,1,False,skill_run,False,False,False,True
TapeTh00,thomas-tapeh-1,00-0022797,Thomas Tapeh,RB,2004,5,162,PHI,minnesota,73.0,245.0,4.8,32.5,114.0,23.0,7.65,4.52,,,,,,,,,,,,2.0,2.0,41.0,0,0,2,False,skill_run,False,False,False,True
LeonBr00,brian-leonard-1,00-0025439,Brian Leonard,RB,2007,2,52,STL,rutgers,73.0,226.0,4.52,34.5,122.0,28.0,6.88,4.22,,,,,,,,,,,,11.0,3.0,88.0,0,0,0,False,skill_run,False,False,False,True
HenrCh01,chris-henry-1,00-0025437,Chris Henry,RB,2007,2,50,TEN,arizona,71.0,230.0,4.4,36.0,127.0,26.0,6.96,4.14,,,,,,,,,,,,1.0,1.0,11.0,0,0,0,False,skill_run,False,False,False,True
ArriJ.00,jj-arrington-1,00-0023479,J.J. Arrington,RB,2005,2,44,ARI,california,69.0,214.0,4.4,35.0,121.0,18.0,6.81,4.1,,,,,,,,,,,,12.0,12.0,58.0,0,0,0,False,skill_run,False,False,False,True
AddaJo00,joseph-addai-1,00-0024245,Joseph Addai,RB,2006,1,30,IND,louisiana state,71.0,214.0,4.4,38.5,125.0,18.0,7.09,4.47,,,,,,,,,,,,50.0,50.0,78.0,1,0,4,False,skill_run,False,False,False,True
PearAl00,alvin-pearman-1,00-0023561,Alvin Pearman,RB,2005,4,127,JAX,virginia,69.0,208.0,4.63,34.0,114.0,24.0,7.06,4.08,,,,,,,,,,,,5.0,5.0,38.0,0,0,0,False,skill_run,False,False,False,True
SproDa00,darren-sproles-1,00-0023564,Darren Sproles,RB,2005,4,130,SDG,kansas st.,66.0,187.0,4.47,33.0,105.0,23.0,6.96,3.96,,,,,,,,,,,,62.0,25.0,183.0,3,0,1,False,skill_run,False,False,False,True
FostDe00,deshaun-foster-1,00-0021164,DeShaun Foster,RB,2002,2,34,CAR,ucla,73.0,222.0,4.57,35.5,119.0,20.0,6.82,4.16,,,,,,,,,,,,32.0,30.0,79.0,0,0,3,False,skill_run,False,False,False,True
HedgMa00,madison-hedgecock-1,00-0023683,Madison Hedgecock,RB,2005,7,251,STL,north carolina,75.0,266.0,4.87,32.5,108.0,29.0,7.41,4.24,,,,,,,,,,,,2.0,1.0,84.0,0,0,4,False,skill_run,False,False,False,True
HerrNo00,noah-herron-1,00-0023676,Noah Herron,RB,2005,7,244,PIT,northwestern,71.0,224.0,4.6,31.0,108.0,17.0,6.95,3.97,,,,,,,,,,,,3.0,0.0,23.0,0,0,0,False,skill_run,False,False,False,True
DrewMa00,maurice-drew-1,00-0024275,Maurice Jones-Drew,RB,2006,2,60,JAX,ucla,67.0,207.0,4.39,36.0,116.0,18.0,7.08,4.38,,,,,,,,,,,,74.0,73.0,126.0,3,1,4,False,skill_run,False,False,False,True
WashLe00,leon-washington-1,00-0024332,Leon Washington,RB,2006,4,117,NYJ,florida st.,68.0,201.0,4.42,32.5,105.0,17.0,6.94,4.37,,,,,,,,,,,,30.0,23.0,126.0,2,1,1,False,skill_run,False,False,False,True
MoreVe00,vernand-morency-1,00-0023508,Vernand Morency,RB,2005,3,73,HOU,oklahoma st.,70.0,212.0,4.66,33.5,108.0,19.0,7.02,4.12,,,,,,,,,,,,8.0,2.0,39.0,0,0,0,False,skill_run,False,False,False,True
BuckCo00,correll-buckhalter-1,00-0020270,Correll Buckhalter,RB,2001,4,121,PHI,nebraska,72.0,226.0,4.53,40.0,123.0,11.0,7.08,4.06,,,,,,,,,,,,27.0,21.0,103.0,0,0,0,False,skill_run,False,False,False,True
MoatRy00,ryan-moats-1,00-0023512,Ryan Moats,RB,2005,3,77,PHI,louisiana tech,68.0,210.0,4.46,36.0,117.0,19.0,7.22,4.1,,,,,,,,,,,,7.0,2.0,38.0,0,0,0,False,skill_run,False,False,False,True
NorrMo00,moran-norris-1,00-0020508,Moran Norris,RB,2001,4,115,NOR,kansas,73.0,250.0,4.63,31.0,114.0,37.0,7.56,4.5,,,,,,,,,,,,1.0,0.0,140.0,0,0,4,False,skill_run,False,False,False,True
HarrJe00,jerome-harrison-1,00-0024359,Jerome Harrison,RB,2006,5,145,CLE,washington st.,69.0,201.0,4.47,34.5,124.0,19.0,6.77,4.07,,,,,,,,,,,,12.0,10.0,63.0,0,0,0,False,skill_run,False,False,False,True
NorwJe00,jerious-norwood-1,00-0024294,Jerious Norwood,RB,2006,3,79,ATL,mississippi st.,72.0,210.0,4.4,36.5,122.0,15.0,6.81,4.25,,,,,,,,,,,,20.0,20.0,66.0,0,0,0,False,skill_run,False,False,False,True
CalhBr00,brian-calhoun-1,00-0024289,Brian Calhoun,RB,2006,3,74,DET,wisconsin,69.0,201.0,4.57,31.5,124.0,18.0,7.05,4.2,,,,,,,,,,,,1.0,1.0,11.0,0,0,0,False,skill_run,False,False,False,True
BettLa00,ladell-betts-1,00-0021184,Ladell Betts,RB,2002,2,56,WAS,iowa,70.0,220.0,4.62,38.0,116.0,23.0,7.06,4.06,,,,,,,,,,,,31.0,30.0,111.0,0,0,1,False,skill_run,False,False,False,True
CobbDe00,deandra-cobb-1,00-0023634,DeAndra Cobb,RB,2005,6,201,ATL,michigan st.,70.0,196.0,4.49,34.0,118.0,17.0,7.13,4.25,,,,,,,,,,,,0.0,0.0,3.0,0,0,0,False,skill_run,False,False,False,True
GrifJu00,justin-griffith-1,00-0022011,Justin Griffith,RB,2003,4,121,ATL,mississippi st.,71.0,232.0,4.59,32.0,113.0,29.0,7.73,4.68,,,,,,,,,,,,11.0,8.0,96.0,0,0,6,False,skill_run,False,False,False,True
MorrSa00,sammy-morris-1,00-0019484,Sammy Morris,RB,2000,5,156,BUF,texas tech,72.0,221.0,4.65,37.5,117.0,23.0,7.05,4.21,,,,,,,,,,,,27.0,5.0,144.0,0,0,3,False,skill_run,False,False,False,True
KeatCu00,curtis-keaton-1,00-0019466,Curtis Keaton,RB,2000,4,97,CIN,james madison,70.0,214.0,4.41,41.5,131.0,23.0,6.82,3.93,,,,,,,,,,,,0.0,0.0,25.0,0,0,0,False,skill_run,False,False,False,True
FortMa00,matt-forte-1,00-0026184,Matt Forte,RB,2008,2,44,CHI,tulane,73.0,217.0,4.44,33.0,118.0,23.0,6.84,4.23,,,,,,,,,,,,84.0,78.0,146.0,2,0,9,False,skill_run,False,False,False,True
PrenTr00,travis-prentice-1,00-0019609,Travis Prentice,RB,2000,3,63,CLE,miami (oh),72.0,225.0,4.5,37.0,115.0,23.0,6.92,4.4,,,,,,,,,,,,4.0,4.0,30.0,0,0,1,False,skill_run,False,False,False,True
AndeDe01,deon-anderson-1,00-0025582,Deon Anderson,RB,2007,6,195,DAL,connecticut,71.0,243.0,4.73,33.0,114.0,23.0,7.27,4.43,,,,,,,,,,,,1.0,1.0,39.0,0,0,1,False,skill_run,False,False,False,True
DaviCh24,chris-davis-3,00-0022020,Chris Davis,RB,2003,5,165,SEA,syracuse,71.0,235.0,4.56,38.5,116.0,21.0,7.25,4.37,,,,,,,,,,,,0.0,0.0,1.0,0,0,0,False,skill_run,False,False,False,True
DaviDo01,domanick-davis-1,00-0021979,Domanick Williams,RB,2003,4,101,HOU,louisiana state,69.0,213.0,4.63,32.5,112.0,22.0,7.32,4.47,,,,,,,,,,,,33.0,33.0,40.0,0,0,3,False,skill_run,False,False,False,True
HestJa00,jacob-hester-1,00-0026209,Jacob Hester,RB,2008,3,69,SDG,louisiana state,71.0,226.0,4.61,27.5,111.0,23.0,6.85,4.24,,,,,,,,,,,,6.0,6.0,65.0,0,0,1,False,skill_run,False,False,False,True
DrouRe00,reuben-droughns-1,00-0019610,Reuben Droughns,RB,2000,3,81,DET,oregon,71.0,215.0,4.66,30.0,115.0,13.0,7.34,4.41,,,,,,,,,,,,27.0,1.0,114.0,0,0,3,False,skill_run,False,False,False,True
DarbKe00,kenneth-darby-1,00-0025633,Kenneth Darby,RB,2007,7,246,TAM,alabama,70.0,211.0,4.75,30.0,108.0,19.0,7.25,4.53,,,,,,,,,,,,4.0,0.0,41.0,0,0,0,False,skill_run,False,False,False,True
SmitKo00,kolby-smith-1,00-0025535,Kolby Smith,RB,2007,5,148,KAN,louisville,71.0,220.0,4.5,38.0,114.0,18.0,7.22,4.34,,,,,,,,,,,,4.0,4.0,27.0,0,0,0,False,skill_run,False,False,False,True
RiceRa00,ray-rice-1,00-0026195,Ray Rice,RB,2008,2,55,BAL,rutgers,68.0,199.0,4.42,31.5,119.0,23.0,6.65,4.2,,,,,,,,,,,,63.0,63.0,92.0,3,0,5,False,skill_run,False,False,False,True
McClLe00,leron-mcclain-1,00-0025524,Le'Ron McClain,RB,2007,4,137,BAL,alabama,72.0,256.0,4.75,29.5,113.0,14.0,7.14,4.47,,,,,,,,,,,,13.0,12.0,111.0,2,1,6,False,skill_run,False,False,False,True
ChapDo00,doug-chapman-1,00-0019712,Doug Chapman,RB,2000,3,88,MIN,marshall,70.0,215.0,4.56,38.5,128.0,16.0,6.84,4.2,,,,,,,,,,,,3.0,3.0,26.0,0,0,0,False,skill_run,False,False,False,True
NeadSp00,spencer-nead-1,00-0022036,Spencer Nead,RB,2003,7,234,NWE,byu,76.0,259.0,4.86,28.5,102.0,19.0,7.37,4.34,,,,,,,,,,,,0.0,,10.0,0,0,0,False,skill_run,False,False,False,True
GreeJu00,,00-0023591,Justin Green,RB,2005,5,158,BAL,montana,71.0,251.0,4.84,31.0,109.0,23.0,7.24,4.21,,,,,,,,,,,,0.0,0.0,39.0,0,0,0,False,skill_run,False,False,False,True
CurlDa20,,00-0022015,Dan Curley,RB,2003,5,148,STL,eastern washington,76.0,254.0,4.63,35.5,118.0,17.0,7.47,4.53,,,,,,,,,,,,0.0,0.0,1.0,0,0,0,False,skill_run,False,False,False,True
MughOv00,ovie-mughelli-1,00-0022143,Ovie Mughelli,RB,2003,4,134,BAL,wake forest,73.0,255.0,4.73,31.5,114.0,,7.78,4.32,,,,,,,,,,,,6.0,2.0,107.0,1,0,5,False,skill_run,False,True,False,True
JacoBr00,,00-0023545,Brandon Jacobs,RB,2005,4,110,NYG,southern illinois,76.0,267.0,4.56,37.0,118.0,19.0,7.53,4.46,,,,,,,,,,,,36.0,36.0,109.0,0,0,3,False,skill_run,False,False,False,True
GrifQu00,quentin-griffin-1,00-0022095,Quentin Griffin,RB,2003,4,108,DEN,oklahoma,67.0,195.0,4.48,38.0,123.0,21.0,,4.08,,,,,,,,,,,,6.0,6.0,16.0,0,0,0,False,skill_run,False,True,False,True
PeteAd00,,00-0021306,Adrian Peterson,RB,2002,6,199,CHI,georgia southern,70.0,214.0,4.68,34.0,119.0,14.0,7.59,4.6,,,,,,,,,,,,11.0,11.0,106.0,0,0,0,False,skill_run,False,False,False,True
FlemTr00,troy-fleming-1,00-0022825,Troy Fleming,RB,2004,6,191,TEN,tennessee,72.0,230.0,4.62,32.0,120.0,,6.94,3.91,,,,,,,,,,,,3.0,3.0,29.0,0,0,0,False,skill_run,False,True,False,True
MoorMe00,mewelde-moore-1,00-0022217,Mewelde Moore,RB,2004,4,119,MIN,tulane,71.0,209.0,4.65,35.0,118.0,,7.05,4.12,,,,,,,,,,,,29.0,17.0,122.0,0,0,1,False,skill_run,False,True,False,True
WilsQu00,quincy-wilson-1,00-0022801,Quincy Wilson,RB,2004,7,219,ATL,west virginia,69.0,225.0,4.6,33.5,118.0,26.0,7.68,4.36,,,,,,,,,,,,0.0,,4.0,0,0,0,False,skill_run,False,False,False,True
ShelEr00,eric-shelton-1,00-0023489,Eric Shelton,RB,2005,2,54,CAR,louisville,73.0,246.0,4.53,38.5,124.0,,7.44,4.08,,,,,,,,,,,,0.0,0.0,9.0,0,0,0,False,skill_run,False,True,False,True
McHuSe00,sean-mchugh-1,00-0022724,Sean McHugh,RB,2004,7,241,TEN,penn st.,77.0,264.0,4.92,29.0,115.0,18.0,7.36,4.09,,,,,,,,,,,,2.0,,40.0,0,0,1,False,skill_run,False,False,False,True
JohnKy00,kyle-johnson-3,00-0021260,Kyle Johnson,RB,2002,5,145,CAR,syracuse,73.0,242.0,4.74,34.0,119.0,22.0,7.4,4.35,,,,,,,,,,,,4.0,,45.0,0,0,2,False,skill_run,False,False,False,True
PeerCe00,cedric-peerman-1,00-0026932,Cedric Peerman,RB,2009,6,185,BAL,virginia,69.0,216.0,4.34,40.0,117.0,27.0,6.99,4.29,,,,,,,,,,,,4.0,,92.0,1,0,0,False,skill_run,False,False,False,True
PittAn00,antonio-pittman-1,00-0025494,Antonio Pittman,RB,2007,4,107,NOR,ohio st.,71.0,207.0,4.4,35.5,123.0,16.0,6.84,4.16,,,,,,,,,,,,3.0,,23.0,0,0,0,False,skill_run,False,False,False,True
ScotBe00,,00-0026941,Bernard Scott,RB,2009,6,209,CIN,abilene christian,70.0,200.0,4.44,36.0,125.0,21.0,6.82,4.08,,,,,,,,,,,,9.0,9.0,49.0,0,0,0,False,skill_run,False,False,False,True
GantQu00,quinton-ganther-1,00-0024460,Quinton Ganther,RB,2006,7,246,TEN,utah,69.0,218.0,4.5,35.0,119.0,29.0,7.19,,,,,,,,,,,,,3.0,1.0,36.0,0,0,0,False,skill_run,False,True,False,True
PeteAd01,adrian-peterson-1,00-0025394,Adrian Peterson,RB,2007,1,7,MIN,oklahoma,73.0,217.0,4.4,38.5,127.0,,7.09,4.4,,,,,,,,,,,,101.0,89.0,184.0,7,4,12,False,skill_run,False,True,False,True
MealRo00,rondell-mealey-1,00-0019534,Rondell Mealey,RB,2000,7,252,GNB,louisiana state,72.0,212.0,4.69,33.0,120.0,,6.89,4.15,,,,,,,,,,,,2.0,2.0,14.0,0,0,0,False,skill_run,False,True,False,True
JennRa00,,00-0027155,Rashad Jennings,RB,2009,7,250,JAX,liberty,73.0,231.0,4.52,34.0,120.0,29.0,6.86,4.2,,,,,,,,,,,,31.0,9.0,93.0,0,0,5,False,skill_run,False,False,False,True
FeltJe00,,00-0026286,Jerome Felton,RB,2008,5,146,DET,furman,72.0,241.0,4.68,32.5,110.0,30.0,7.2,4.46,,,,,,,,,,,,3.0,2.0,132.0,1,0,3,False,skill_run,False,False,False,True
MendRa00,rashard-mendenhall-1,00-0026163,Rashard Mendenhall,RB,2008,1,23,PIT,illinois,70.0,225.0,4.41,33.5,117.0,26.0,,4.18,,,,,,,,,,,,29.0,26.0,72.0,0,0,4,False,skill_run,False,True,False,True
JoneFe00,felix-jones-1,00-0026162,Felix Jones,RB,2008,1,22,DAL,arkansas,70.0,207.0,4.44,33.5,124.0,,6.9,4.19,,,,,,,,,,,,27.0,26.0,80.0,0,0,1,False,skill_run,False,True,False,True
ParmJa00,jalen-parmele-1,00-0026316,Jalen Parmele,RB,2008,6,176,MIA,toledo,71.0,224.0,4.47,34.0,125.0,19.0,6.96,4.29,,,,,,,,,,,,1.0,,36.0,0,0,0,False,skill_run,False,False,False,True
SmitKe02,kevin-smith-1,00-0026204,Kevin Smith,RB,2008,3,64,DET,central florida,73.0,217.0,4.53,32.0,120.0,,6.74,4.49,,,,,,,,,,,,19.0,19.0,54.0,0,0,2,False,skill_run,False,True,False,True
CharJa00,jamaal-charles-1,00-0026213,Jamaal Charles,RB,2008,3,73,KAN,texas,71.0,200.0,4.38,30.5,122.0,,6.8,4.22,,,,,,,,,,,,66.0,64.0,119.0,4,2,4,False,skill_run,False,True,False,True
ChoiTa00,tashard-choice-1,00-0026262,Tashard Choice,RB,2008,4,122,DAL,georgia tech,70.0,215.0,4.48,34.0,119.0,20.0,6.88,,,,,,,,,,,,,13.0,10.0,88.0,0,0,0,False,skill_run,False,True,False,True
DyerDe00,deon-dyer-1,00-0019473,Deon Dyer,RB,2000,4,117,MIA,north carolina,71.0,260.0,4.99,28.0,104.0,,7.88,4.81,,,,,,,,,,,,0.0,0.0,45.0,0,0,0,False,skill_run,False,True,False,True
HillPe00,peyton-hillis-1,00-0026367,Peyton Hillis,RB,2008,7,227,DEN,arkansas,73.0,240.0,4.64,30.5,117.0,26.0,7.15,,,,,,,,,,,,,21.0,4.0,81.0,0,0,3,False,skill_run,False,True,False,True
BradAh00,ahmad-bradshaw-1,00-0025637,Ahmad Bradshaw,RB,2007,7,250,NYG,marshall,69.0,198.0,4.55,34.0,112.0,,6.7,4.09,,,,,,,,,,,,42.0,36.0,103.0,0,0,3,False,skill_run,False,True,False,True
ForsJu00,justin-forsett-1,00-0026373,Justin Forsett,RB,2008,7,233,SEA,california,68.0,194.0,4.62,26.5,112.0,26.0,6.96,,,,,,,,,,,,,32.0,12.0,122.0,1,0,2,False,skill_run,False,True,False,True
BoydCo01,cory-boyd-1,00-0026378,Cory Boyd,RB,2008,7,238,TAM,south carolina,72.0,213.0,4.52,33.5,118.0,25.0,6.97,4.24,,,,,,,,,,,,0.0,,1.0,0,0,0,False,skill_run,False,False,False,True
SnelJa00,jason-snelling-1,00-0025631,Jason Snelling,RB,2007,7,244,ATL,virginia,71.0,230.0,4.79,30.0,111.0,,7.06,4.37,,,,,,,,,,,,21.0,21.0,96.0,0,0,0,False,skill_run,False,True,False,True
KirtDa00,david-kirtman-1,00-0024377,David Kirtman,RB,2006,5,163,SEA,southern california,71.0,233.0,4.76,29.5,106.0,,7.18,4.31,,,,,,,,,,,,0.0,0.0,7.0,0,0,0,False,skill_run,False,True,False,True
BlayDe00,,00-0020315,Derrick Blaylock,RB,2001,5,150,KAN,s.f. austin,70.0,194.0,4.36,35.5,119.0,18.0,7.05,4.09,,,,,,,,,,,,11.0,10.0,51.0,0,0,0,False,skill_run,False,False,False,True
MillGa01,garrett-mills-1,00-0024321,Garrett Mills,RB,2006,4,106,NWE,tulsa,73.0,241.0,4.64,35.5,111.0,23.0,6.81,4.05,,,,,,,,,,,,1.0,,16.0,0,0,0,False,skill_run,False,False,False,True
GateLi00,lionel-gates-1,00-0023668,Lionel Gates,RB,2005,7,236,BUF,louisville,72.0,222.0,4.6,36.0,121.0,23.0,7.17,4.1,,,,,,,,,,,,0.0,,1.0,0,0,0,False,skill_run,False,False,False,True
BrouNe00,,00-0023654,Nehemiah Broughton,RB,2005,7,222,WAS,the citadel,71.0,250.0,4.59,30.0,108.0,25.0,7.54,4.28,,,,,,,,,,,,0.0,0.0,6.0,0,0,0,False,skill_run,False,False,False,True
VitaDa00,dan-vitale-1,00-0032794,Danny Vitale,RB,2016,6,197,TAM,northwestern,73.0,239.0,4.6,38.5,123.0,30.0,7.12,4.12,,,,,,,,,,,,1.0,,44.0,0,0,1,False,skill_run,False,False,False,True
GreeWi01,william-green-1,00-0021150,William Green,RB,2002,1,16,CLE,boston col.,72.0,221.0,4.6,42.0,121.0,27.0,,,,,,,,,,,,,,14.0,14.0,46.0,0,0,3,False,skill_run,False,True,False,True
SmitIt00,ito-smith-1,00-0034378,Ito Smith,RB,2018,4,126,ATL,southern miss,,,,,,,,,,,,,,820.0,4536.0,42.0,140.0,1446.0,7.0,6.0,6.0,36.0,0,0,0,False,skill_run,False,True,True,False
JohnTy02,ty-johnson-1,00-0035537,Ty Johnson,RB,2019,6,186,DET,maryland,,,,,,,,,,,,,,348.0,2635.0,17.0,29.0,318.0,2.0,18.0,2.0,106.0,0,0,0,False,skill_run,False,True,True,False
WattDe00,derek-watt-1,00-0032897,Derek Watt,RB,2016,6,198,SDG,wisconsin,,,,,,,,,,,,,,13.0,60.0,0.0,30.0,309.0,1.0,1.0,1.0,110.0,0,0,0,False,skill_run,False,True,True,False
ProsJa00,jay-prosch-1,00-0031085,Jay Prosch,RB,2014,6,211,HOU,auburn,,,,,,,,,,,,,,14.0,47.0,2.0,11.0,115.0,1.0,0.0,0.0,63.0,0,0,2,False,skill_run,False,True,True,False
WashDw00,dwayne-washington-1,00-0032450,Dwayne Washington,RB,2016,7,236,DET,washington,,,,,,,,,,,,,,226.0,1311.0,17.0,41.0,411.0,4.0,4.0,2.0,96.0,0,0,0,False,skill_run,False,True,True,False
MillTr00,trey-millard-1,00-0031271,Trey Millard,RB,2014,7,245,SFO,oklahoma,74.0,247.0,4.64,,,,,,,,,,,98.0,538.0,6.0,70.0,677.0,7.0,,,,0,0,0,False,skill_run,True,True,False,False
JackDa01,darius-jackson-1,00-0033049,Darius Jackson,RB,2016,6,216,DAL,eastern michigan,,,,,,,,,,,,,,304.0,1513.0,16.0,39.0,353.0,4.0,0.0,0.0,4.0,0,0,0,False,skill_run,False,True,True,False
JohnJe00,jeremi-johnson-1,00-0022141,Jeremi Johnson,RB,2003,4,118,CIN,western kentucky,71.0,260.0,4.9,29.0,103.0,20.0,,,,,,,,,,,,,,4.0,4.0,96.0,0,0,4,False,skill_run,False,True,False,True
TaylCh01,chester-taylor-1,00-0021314,Chester Taylor,RB,2002,6,207,BAL,toledo,71.0,213.0,4.58,33.0,114.0,22.0,,,,,,,,,,,,,,41.0,12.0,151.0,0,0,1,False,skill_run,False,True,False,True
MinoTr00,travis-minor-1,00-0020448,Travis Minor,RB,2001,3,85,MIA,florida st.,70.0,197.0,4.44,32.0,115.0,9.0,,,,,,,,,,,,,,10.0,10.0,118.0,0,0,0,False,skill_run,False,True,False,True
StepTr01,travis-stephens-1,00-0021386,Travis Stephens,RB,2002,4,119,TAM,tennessee,68.0,194.0,4.6,32.0,121.0,15.0,,,,,,,,,,,,,,0.0,0.0,1.0,0,0,0,False,skill_run,False,True,False,True
WilsBr01,brandon-wilson-3,00-0033791,Brandon Wilson,RB,2017,6,207,CIN,houston,,,,,,,,,,,,,,41.0,194.0,2.0,11.0,101.0,0.0,6.0,6.0,60.0,0,0,0,False,skill_run,False,True,True,False
LaynGe00,george-layne-1,00-0020479,George Layne,RB,2001,4,108,KAN,texas christian,71.0,242.0,4.59,32.0,115.0,,7.08,4.19,,,,,,,,,,,,0.0,,11.0,0,0,0,False,skill_run,False,True,False,True
NedxLa00,larry-ned-1,00-0021305,Larry Ned,RB,2002,6,197,OAK,san diego st.,71.0,219.0,4.62,34.5,120.0,15.0,7.12,,,,,,,,,,,,,0.0,,19.0,0,0,0,False,skill_run,False,True,False,True
LoveBr00,bryce-love-1,00-0035256,Bryce Love,RB,2019,4,112,WAS,stanford,69.0,200.0,,,,18.0,,,,,,,,569.0,3859.0,30.0,49.0,465.0,2.0,,,,0,0,0,False,skill_run,True,True,False,False
RipkAa00,aaron-ripkowski-1,00-0031612,Aaron Ripkowski,RB,2015,6,206,GNB,oklahoma,,,,,,,,,,,,,,6.0,13.0,3.0,8.0,41.0,2.0,2.0,2.0,47.0,0,0,0,False,skill_run,False,True,True,False
MoreFr00,frank-moreau-1,00-0019471,Frank Moreau,RB,2000,4,115,KAN,louisville,73.0,231.0,4.57,36.0,117.0,23.0,,,,,,,,,,,,,,1.0,1.0,14.0,0,0,0,False,skill_run,False,True,False,True
MorrMa00,maurice-morris-1,00-0021182,Maurice Morris,RB,2002,2,54,SEA,oregon,71.0,208.0,4.53,38.5,119.0,23.0,,,,,,,,,,,,,,27.0,18.0,145.0,0,0,1,False,skill_run,False,True,False,True
MortCh00,chad-morton-1,00-0019590,Chad Morton,RB,2000,5,166,NOR,southern california,68.0,182.0,4.5,36.0,121.0,18.0,,,,,,,,,,,,,,10.0,3.0,93.0,0,0,0,False,skill_run,False,True,False,True
GreeMi00,mike-green-4,00-0019576,Mike Green,RB,2000,7,213,TEN,houston,72.0,189.0,4.53,38.5,118.0,,,4.2,,,,,,,,,,,,2.0,2.0,32.0,0,0,0,False,skill_run,False,True,False,True
MaysDe00,devante-mays-1,00-0033304,Devante Mays,RB,2017,7,238,GNB,utah st.,,,,,,,,,,,,,,202.0,1225.0,12.0,2.0,17.0,0.0,0.0,0.0,8.0,0,0,0,False,skill_run,False,True,True,False
WestBr00,,00-0021216,Brian Westbrook,RB,2002,3,91,PHI,villanova,68.0,200.0,4.57,37.0,118.0,26.0,7.09,,,,,,,,,,,,,69.0,68.0,121.0,2,1,7,False,skill_run,False,True,False,True
KarnMi00,mike-karney-1,00-0022796,Mike Karney,RB,2004,5,156,NOR,arizona st.,71.0,254.0,5.02,30.0,103.0,25.0,,,,,,,,,,,,,,2.0,2.0,101.0,0,0,7,False,skill_run,False,True,False,True
MurrLa00,latavius-murray-1,00-0030513,Latavius Murray,RB,2013,6,181,OAK,central florida,,,,,,,,,,,,,,453.0,2424.0,37.0,50.0,524.0,6.0,44.0,17.0,151.0,1,0,3,False,skill_run,False,True,True,False
LattMa00,marcus-lattimore-1,00-0030497,Marcus Lattimore,RB,2013,4,131,SFO,south carolina,71.0,221.0,4.65,,,,,,,,,,,555.0,2677.0,38.0,74.0,767.0,3.0,,,,0,0,0,False,skill_run,True,True,False,False
BarbMa01,marion-barber-iii-1,00-0023544,Marion Barber III,RB,2005,4,109,DAL,minnesota,71.0,221.0,4.49,40.0,127.0,20.0,,,,,,,,,,,,,,39.0,37.0,99.0,1,0,3,False,skill_run,False,True,False,True
WillDe02,deangelo-williams-1,00-0024242,DeAngelo Williams,RB,2006,1,27,CAR,memphis,69.0,214.0,4.45,35.5,121.0,25.0,,,,,,,,,,,,,,61.0,51.0,142.0,1,0,6,False,skill_run,False,True,False,True
BatcBa00,baron-batch-1,00-0028170,Baron Batch,RB,2011,7,232,PIT,texas tech,,,,,,,,,,,,,,467.0,2501.0,27.0,140.0,1111.0,5.0,1.0,1.0,12.0,0,0,0,False,skill_run,False,True,True,False
SmitMi01,michael-smith-6,00-0029145,Michael Smith,RB,2012,7,212,TAM,utah st.,,,,,,,,,,,,,,184.0,1313.0,15.0,38.0,424.0,4.0,0.0,0.0,1.0,0,0,0,False,skill_run,False,True,True,False
BrowBr02,bryce-brown-1,00-0029429,Bryce Brown,RB,2012,7,229,PHI,kansas st.,,,,,,,,,,,,,,104.0,476.0,3.0,11.0,140.0,1.0,9.0,6.0,42.0,0,0,0,False,skill_run,False,True,True,False
BookLo00,lorenzo-booker-1,00-0025458,Lorenzo Booker,RB,2007,3,71,MIA,florida st.,70.0,191.0,4.46,35.5,121.0,26.0,,,,,,,,,,,,,,4.0,3.0,36.0,0,0,0,False,skill_run,False,True,False,True
CoxxMi00,michael-cox-1,00-0030128,Michael Cox,RB,2013,7,253,NYG,massachusetts,,,,,,,,,,,,,,217.0,879.0,7.0,14.0,74.0,0.0,0.0,0.0,18.0,0,0,0,False,skill_run,False,True,True,False
WellCh00,chris-wells-1,00-0027007,Beanie Wells,RB,2009,1,31,ARI,ohio st.,73.0,235.0,4.38,33.5,128.0,25.0,,,,,,,,,,,,,,14.0,14.0,51.0,0,0,2,False,skill_run,False,True,False,True
BellTa00,tatum-bell-1,00-0022893,Tatum Bell,RB,2004,2,41,DEN,oklahoma st.,71.0,212.0,4.37,38.5,117.0,25.0,,,,,,,,,,,,,,22.0,20.0,54.0,0,0,1,False,skill_run,False,True,False,True
ToraRy00,ryan-torain-1,00-0026279,Ryan Torain,RB,2008,5,139,DEN,arizona st.,72.0,222.0,4.61,34.0,120.0,21.0,,,,,,,,,,,,,,5.0,0.0,22.0,0,0,1,False,skill_run,False,True,False,True
HartMi00,michael-hart-1,00-0026342,Mike Hart,RB,2008,6,202,IND,michigan,69.0,206.0,4.69,28.0,110.0,23.0,,,,,,,,,,,,,,3.0,3.0,21.0,0,0,0,False,skill_run,False,True,False,True
ThomDa06,darwin-thompson-1,00-0035148,Darwin Thompson,RB,2019,6,214,KAN,utah st.,,,,,,,,,,,,,,153.0,1044.0,14.0,23.0,351.0,2.0,2.0,2.0,26.0,0,0,0,False,skill_run,False,True,True,False
SlatSt00,steve-slaton-1,00-0026229,Steve Slaton,RB,2008,3,89,HOU,west virginia,69.0,197.0,4.45,33.5,118.0,19.0,,,,,,,,,,,,,,21.0,21.0,45.0,0,0,2,False,skill_run,False,True,False,True
WilsBr00,braden-wilson-1,,Braden Wilson,RB,2013,6,204,KAN,kansas st.,75.0,251.0,4.81,,,22.0,,,,,,,,21.0,44.0,2.0,18.0,144.0,0.0,,,,0,0,0,False,skill_run,True,True,False,False
JohnQu00,quinn-johnson-1,00-0027106,Quinn Johnson,RB,2009,5,145,GNB,louisiana state,73.0,246.0,4.72,32.0,115.0,16.0,,,,,,,,,,,,,,0.0,0.0,44.0,0,0,1,False,skill_run,False,True,False,True
GillCu00,cullen-gillaspia-1,00-0035304,Cullen Gillaspia,RB,2019,7,220,HOU,texas a&m,,,,,,,,,,,,,,5.0,33.0,1.0,5.0,52.0,0.0,0.0,0.0,44.0,0,0,0,False,skill_run,False,True,True,False
AndeRo02,rodney-anderson-1,00-0035299,Rodney Anderson,RB,2019,6,211,CIN,oklahoma,72.0,224.0,,,,25.0,,,,,,,,200.0,1285.0,16.0,17.0,281.0,5.0,,,,0,0,0,False,skill_run,True,True,False,False
StewJo00,jonathan-stewart-1,00-0026153,Jonathan Stewart,RB,2008,1,13,CAR,oregon,70.0,235.0,4.46,36.5,128.0,28.0,,,,,,,,,,,,,,48.0,48.0,134.0,1,0,5,False,skill_run,False,True,False,True
HillLe00,,00-0026344,Lex Hilliard,RB,2008,6,204,MIA,montana,71.0,231.0,4.68,32.0,122.0,,7.01,4.2,,,,,,,,,,,,3.0,3.0,62.0,0,0,1,False,skill_run,False,True,False,True
ThomMa01,marcus-thomas-2,00-0026306,Marcus Thomas,RB,2008,5,166,SDG,texas-el paso,72.0,213.0,4.59,30.0,116.0,21.0,,,,,,,,,,,,,,0.0,,3.0,0,0,0,False,skill_run,False,True,False,True
JohnCh04,chris-johnson-1,00-0026164,Chris Johnson,RB,2008,1,24,TEN,east carolina,71.0,197.0,4.24,35.0,130.0,,,,,,,,,,,,,,,70.0,61.0,130.0,3,1,7,False,skill_run,False,True,False,True
OmonXa00,,00-0026319,Xavier Omon,RB,2008,6,179,BUF,nw missouri st.,71.0,228.0,4.52,31.0,112.0,17.0,,,,,,,,,,,,,,0.0,0.0,7.0,0,0,0,False,skill_run,False,True,False,True
ScotBo02,boston-scott-1,00-0034414,Boston Scott,RB,2018,6,201,NOR,louisiana tech,,,,,,,,,,,,,,287.0,1833.0,14.0,32.0,307.0,1.0,11.0,,75.0,0,0,0,False,skill_run,False,True,True,False
WillDa011,david-williams-5,00-0034427,David Williams,RB,2018,7,226,DEN,arkansas,,,,,,,,,,,,,,304.0,1450.0,13.0,37.0,435.0,2.0,0.0,,6.0,0,0,0,False,skill_run,False,True,True,False
WillMa09,marquez-williams-1,00-0033796,Marquez Williams,RB,2017,7,240,JAX,miami,,,,,,,,,,,,,,1.0,1.0,0.0,2.0,19.0,1.0,0.0,,1.0,0,0,0,False,skill_run,False,True,True,False
JohnGa01,gartrell-johnson-1,00-0027098,Gartrell Johnson,RB,2009,4,134,SDG,colorado st.,70.0,219.0,4.67,34.0,114.0,20.0,,,,,,,,,,,,,,0.0,,19.0,0,0,0,False,skill_run,False,True,False,True
WillJa05,,00-0027141,Javarris Williams,RB,2009,7,212,KAN,tennessee st.,69.0,223.0,4.51,33.5,116.0,25.0,,,,,,,,,,,,,,0.0,0.0,4.0,0,0,0,False,skill_run,False,True,False,True
HendDe01,,00-0033581,De'Angelo Henderson,RB,2017,6,203,DEN,coastal carolina,,,,,,,,,,,,,,2.0,15.0,0.0,39.0,459.0,3.0,0.0,0.0,8.0,0,0,0,False,skill_run,False,True,True,False
McFaDa00,darren-mcfadden-1,00-0026144,Darren McFadden,RB,2008,1,4,OAK,arkansas,73.0,211.0,4.33,33.0,128.0,,,,,,,,,,,,,,,39.0,32.0,103.0,0,0,4,False,skill_run,False,True,False,True
RedmJ.00,jr-redmond-1,00-0019722,J.R. Redmond,RB,2000,3,76,NWE,arizona st.,71.0,216.0,4.48,32.5,121.0,,,,,,,,,,,,,,,9.0,6.0,50.0,0,0,0,False,skill_run,False,True,False,True
DaniP.00,pj-daniels-1,00-0024346,P.J. Daniels,RB,2006,4,132,BAL,georgia tech,70.0,214.0,4.64,33.0,116.0,21.0,7.13,4.4,,,,,,,,,,,,,,,0,0,0,False,skill_run,True,False,False,True
WynnDe00,deshawn-wynn-1,00-0025615,DeShawn Wynn,RB,2007,7,228,GNB,florida,70.0,232.0,4.47,31.5,115.0,,,,,,,,,,,,,,,3.0,3.0,23.0,0,0,0,False,skill_run,False,True,False,True
CobbCe00,cedric-cobbs-1,00-0022872,Cedric Cobbs,RB,2004,4,128,NWE,arkansas,72.0,223.0,4.75,40.0,123.0,,,,,,,,,,,,,,,0.0,0.0,5.0,0,0,0,False,skill_run,False,True,False,True
WhytKe00,kerrith-whyte-1,00-0035596,Kerrith Whyte Jr,RB,2019,7,222,CHI,florida atlantic,,,,,,,,,,,,,,232.0,1358.0,11.0,22.0,227.0,2.0,1.0,,6.0,0,0,0,False,skill_run,False,True,True,False
SmalKi00,kiero-small-1,00-0031091,Kiero Small,RB,2014,7,227,SEA,arkansas,,,,,,,,,,,,,,41.0,152.0,4.0,20.0,135.0,1.0,0.0,,3.0,0,0,0,False,skill_run,False,True,True,False
SmitMu00,musa-smith-1,00-0022130,Musa Smith,RB,2003,3,77,BAL,georgia,73.0,232.0,4.45,35.5,123.0,,,,,,,,,,,,,,,6.0,6.0,49.0,0,0,0,False,skill_run,False,True,False,True
JoneKe02,kevin-jones-3,00-0022782,Kevin Jones,RB,2004,1,30,DET,virginia tech,72.0,227.0,4.38,38.0,120.0,,,,,,,,,,,,,,,27.0,26.0,64.0,0,0,4,False,skill_run,False,True,False,True
FargJu00,justin-fargas-1,00-0022093,Justin Fargas,RB,2003,3,96,OAK,southern california,73.0,219.0,4.35,,137.0,27.0,,,,,,,,,,,,,,20.0,20.0,92.0,0,0,2,False,skill_run,False,True,False,True
GordLa00,,00-0021209,Lamar Gordon,RB,2002,3,84,STL,north dakota st.,73.0,214.0,4.55,34.0,119.0,16.0,,,,,,,,,,,,,,9.0,6.0,41.0,0,0,0,False,skill_run,False,True,False,True
JohnLa00,larry-johnson-1,00-0021976,Larry Johnson,RB,2003,1,27,KAN,penn st.,73.0,228.0,4.45,,,19.0,,,,,,,,,,,,,,51.0,50.0,85.0,2,1,4,False,skill_run,False,True,False,True
SmitOn00,onterrio-smith-1,00-0022138,Onterrio Smith,RB,2003,4,105,MIN,oregon,70.0,220.0,4.48,,,19.0,,,,,,,,,,,,,,14.0,14.0,26.0,0,0,0,False,skill_run,False,True,False,True
SchmOw00,owen-schmitt-1,00-0026303,Owen Schmitt,RB,2008,5,163,SEA,west virginia,74.0,247.0,4.73,,,26.0,,,,,,,,,,,,,,1.0,0.0,74.0,0,0,0,False,skill_run,False,True,False,True
PerrCh00,chris-perry-1,00-0022926,Chris Perry,RB,2004,1,26,CIN,michigan,72.0,224.0,4.56,,,19.0,,,,,,,,,,,,,,9.0,9.0,35.0,0,0,0,False,skill_run,False,True,False,True
BrowTh01,thomas-brown-1,00-0026312,Thomas Brown,RB,2008,6,172,ATL,georgia,68.0,204.0,4.51,36.0,128.0,25.0,7.17,,,,,,,,,,,,,,,,0,0,0,False,skill_run,True,True,False,True
GurlTo01,todd-gurley-1,00-0032241,Todd Gurley,RB,2015,1,10,STL,georgia,73.0,222.0,4.52,,,17.0,,,,,,,,,,,,,,54.0,50.0,88.0,3,2,6,False,skill_run,False,True,False,True
BrowCh03,chris-brown-1,00-0022092,Chris Brown,RB,2003,3,93,TEN,colorado,77.0,329.0,5.33,,,30.0,,,,,,,,,,,,,,24.0,23.0,68.0,0,0,2,False,skill_run,False,True,False,True
SmitPa00,paul-smith-6,00-0019673,Paul Smith,RB,2000,5,132,SFO,texas-el paso,71.0,220.0,4.65,,,25.0,,,,,,,,,,,,,,3.0,2.0,79.0,0,0,0,False,skill_run,False,True,False,True
PinnAn00,andrew-pinnock-1,00-0021936,Andrew Pinnock,RB,2003,7,229,SDG,south carolina,70.0,265.0,4.62,,,22.0,,,,,,,,,,,,,,1.0,1.0,42.0,0,0,0,False,skill_run,False,True,False,True
EcheAd00,adimchinobe-echemandu-1,00-0022883,Adimchinobe Echemandu,RB,2004,7,208,CLE,california,71.0,226.0,4.58,,,15.0,,,,,,,,,,,,,,1.0,0.0,19.0,0,0,0,False,skill_run,False,True,False,True
HenrTr00,travis-henry-1,00-0020471,Travis Henry,RB,2001,2,58,BUF,tennessee,69.0,223.0,4.61,,,23.0,,,,,,,,,,,,,,41.0,27.0,90.0,1,0,4,False,skill_run,False,True,False,True
JordLa00,lamont-jordan-1,00-0020462,LaMont Jordan,RB,2001,2,49,NYJ,maryland,70.0,234.0,4.57,,,24.0,,,,,,,,,,,,,,30.0,11.0,114.0,0,0,2,False,skill_run,False,True,False,True
CaniTr00,trung-canidate-1,00-0019649,Trung Canidate,RB,2000,1,31,STL,arizona,71.0,193.0,4.41,,,18.0,,,,,,,,,,,,,,11.0,6.0,46.0,0,0,1,False,skill_run,False,True,False,True
ToefLa00,labrandon-toefield-1,00-0022057,LaBrandon Toefield,RB,2003,4,132,JAX,louisiana state,71.0,233.0,4.6,,,19.0,,,,,,,,,,,,,,5.0,5.0,45.0,0,0,0,False,skill_run,False,True,False,True
HuntTo01,tony-hunt-1,00-0025477,Tony Hunt,RB,2007,3,90,PHI,penn st.,74.0,233.0,4.68,,,24.0,,,,,,,,,,,,,,0.0,0.0,14.0,0,0,0,False,skill_run,False,True,False,True
LewiJa00,jamal-lewis-2,00-0019693,Jamal Lewis,RB,2000,1,5,BAL,tennessee,72.0,240.0,4.58,,,23.0,,,,,,,,,,,,,,69.0,53.0,131.0,1,1,9,False,skill_run,False,True,False,True
PortCl00,clinton-portis-1,00-0021179,Clinton Portis,RB,2002,2,51,DEN,miami,71.0,204.0,4.42,,,,,,,,,,,,,,,,,72.0,30.0,113.0,2,0,7,False,skill_run,False,True,False,True
McCoLe01,lesean-mccoy-1,00-0027029,LeSean McCoy,RB,2009,2,53,PHI,pittsburgh,70.0,198.0,4.5,,,,,,,,,,,,,,,,,83.0,50.0,170.0,6,2,10,False,skill_run,False,True,False,True
WellJo00,jonathan-wells-1,00-0021223,Jonathan Wells,RB,2002,4,99,HOU,ohio st.,73.0,243.0,4.52,,,,,,,,,,,,,,,,,11.0,11.0,60.0,0,0,1,False,skill_run,False,True,False,True
BensCe00,cedric-benson-1,00-0023439,Cedric Benson,RB,2005,1,4,CHI,texas,70.0,222.0,4.62,,,,,,,,,,,,,,,,,36.0,10.0,96.0,0,0,6,False,skill_run,False,True,False,True
GoreFr00,frank-gore-1,00-0023500,Frank Gore,RB,2005,3,65,SFO,miami,69.0,217.0,4.58,,,,,,,,,,,,,,,,,94.0,75.0,241.0,5,0,14,False,skill_run,False,True,False,True
DuckT.00,tj-duckett-1,00-0021376,T.J. Duckett,RB,2002,1,18,ATL,michigan st.,72.0,254.0,4.45,,,,,,,,,,,,,,,,,22.0,18.0,93.0,0,0,1,False,skill_run,False,True,False,True
McGaWi00,willis-mcgahee-1,00-0022178,Willis McGahee,RB,2003,1,23,BUF,miami,72.0,223.0,4.45,,,,,,,,,,,,,,,,,56.0,26.0,142.0,2,0,7,False,skill_run,False,True,False,True
JoneTa00,,00-0028063,Taiwan Jones,RB,2011,4,125,OAK,eastern washington,72.0,194.0,4.33,,,13.0,,,,,,,,,,,,,,3.0,3.0,139.0,0,0,0,False,skill_run,False,True,False,True
WillEd00,eddie-williams-1,00-0026947,Eddie Williams,RB,2009,7,221,WAS,idaho,73.0,239.0,4.79,,,23.0,,,,,,,,,,,,,,0.0,,6.0,0,0,0,False,skill_run,False,True,False,True
SuggLe00,lee-suggs-1,00-0022180,Lee Suggs,RB,2003,4,115,CLE,virginia tech,72.0,202.0,4.44,,,,,,,,,,,,,,,,,8.0,8.0,29.0,0,0,0,False,skill_run,False,True,False,True
MacKMa20,malaefou-mackenzie-1,00-0022109,Malaefou MacKenzie,RB,2003,7,218,JAX,southern california,70.0,233.0,4.67,,,,,,,,,,,,,,,,,0.0,0.0,1.0,0,0,0,False,skill_run,False,True,False,True
PinnAr00,artose-pinner-1,00-0022006,Artose Pinner,RB,2003,4,99,DET,kentucky,70.0,229.0,4.68,,,,,,,,,,,,,,,,,8.0,7.0,47.0,0,0,0,False,skill_run,False,True,False,True
AskeB.00,bj-askew-1,00-0022003,B.J. Askew,RB,2003,3,85,NYJ,michigan,74.0,241.0,4.6,,,,,,,,,,,,,,,,,4.0,1.0,83.0,0,0,1,False,skill_run,False,True,False,True
DaveNa00,najeh-davenport-1,00-0021252,Najeh Davenport,RB,2002,4,135,GNB,miami,73.0,248.0,4.57,,,,,,,,,,,,,,,,,18.0,9.0,73.0,0,0,0,False,skill_run,False,True,False,True
JackSt00,steven-jackson-3,00-0022736,Steven Jackson,RB,2004,1,24,STL,oregon st.,73.0,241.0,4.55,,,,,,,,,,,,,,,,,75.0,68.0,160.0,3,0,10,False,skill_run,False,True,False,True
FinlJa00,jay-finley-1,00-0028184,Jay Finley,RB,2011,7,246,CIN,baylor,,,,,,,,,,,,,,478.0,2660.0,22.0,40.0,416.0,3.0,,,,0,0,0,False,skill_run,True,True,True,False
WileMi00,michael-wiley-1,00-0019614,Michael Wiley,RB,2000,5,144,DAL,ohio st.,71.0,193.0,4.5,,,,,,,,,,,,,,,,,4.0,4.0,42.0,0,0,0,False,skill_run,False,True,False,True
MuhaKh00,khalfani-muhammad-1,00-0033797,Khalfani Muhammad,RB,2017,7,241,TEN,california,,,,,,,,,,,,,,359.0,2073.0,11.0,55.0,571.0,3.0,,,,0,0,0,False,skill_run,True,True,True,False
BushRe00,reggie-bush-1,00-0024217,Reggie Bush,RB,2006,1,2,NOR,southern california,71.0,201.0,4.37,,,,,,,,,,,,,,,,,61.0,34.0,134.0,0,0,8,False,skill_run,False,True,False,True
BrooZa00,zac-brooks-1,00-0032808,Zac Brooks,RB,2016,7,247,SEA,clemson,,,,,,,,,,,,,,115.0,599.0,5.0,18.0,205.0,3.0,,,,0,0,0,False,skill_run,True,True,True,False
MaroLa00,laurence-maroney-1,00-0024236,Laurence Maroney,RB,2006,1,21,NWE,minnesota,72.0,217.0,4.48,,,,,,,,,,,,,,,,,26.0,25.0,49.0,0,0,0,False,skill_run,False,True,False,True
WhitLe01,lendale-white-1,00-0024260,LenDale White,RB,2006,2,45,TEN,southern california,72.0,238.0,4.49,,,,,,,,,,,,,,,,,14.0,14.0,58.0,0,0,1,False,skill_run,False,True,False,True
AlexSh00,shaun-alexander-1,00-0019647,Shaun Alexander,RB,2000,1,19,SEA,alabama,72.0,218.0,4.58,,,,,,,,,,,,,,,,,68.0,68.0,123.0,3,1,7,False,skill_run,False,True,False,True
DaynRo00,ron-dayne-1,00-0019643,Ron Dayne,RB,2000,1,11,NYG,wisconsin,71.0,259.0,4.65,,,,,,,,,,,,,,,,,23.0,10.0,96.0,0,0,1,False,skill_run,False,True,False,True
JoneTh00,thomas-jones-1,00-0019641,Thomas Jones,RB,2000,1,7,ARI,virginia,70.0,216.0,4.45,,,,,,,,,,,,,,,,,62.0,7.0,180.0,1,0,9,False,skill_run,False,True,False,True
BushMi00,michael-bush-1,00-0025487,Michael Bush,RB,2007,4,100,OAK,louisville,73.0,243.0,4.62,,,,,,,,,,,,,,,,,25.0,21.0,89.0,0,0,2,False,skill_run,False,True,False,True
FasoCi00,ciatrick-fason-1,00-0023547,Ciatrick Fason,RB,2005,4,112,MIN,florida,73.0,207.0,4.58,,,,,,,,,,,,,,,,,1.0,1.0,18.0,0,0,0,False,skill_run,False,True,False,True
BarlKe00,kevan-barlow-1,00-0020474,Kevan Barlow,RB,2001,3,80,SFO,pittsburgh,73.0,235.0,4.56,,,,,,,,,,,,,,,,,36.0,33.0,84.0,0,0,2,False,skill_run,False,True,False,True
JackJa00,james-jackson-1,00-0020430,James Jackson,RB,2001,3,65,CLE,miami,70.0,210.0,4.55,,,,,,,,,,,,,,,,,9.0,9.0,52.0,0,0,1,False,skill_run,False,True,False,True
McAlDe00,deuce-mcallister-1,00-0020527,Deuce McAllister,RB,2001,1,23,NOR,mississippi,73.0,222.0,4.41,,,,,,,,,,,,,,,,,55.0,55.0,97.0,2,0,4,False,skill_run,False,True,False,True
HousCe00,cedric-houston-1,00-0023615,Cedric Houston,RB,2005,6,182,NYJ,tennessee,71.0,225.0,4.61,,,,,,,,,,,,,,,,,5.0,5.0,20.0,0,0,0,False,skill_run,False,True,False,True
HamiJu20,justin-hamilton-1,00-0024436,Justin Hamilton,RB,2006,7,222,CLE,virginia tech,,,,,,,,,,,,,,,,,,,,1.0,1.0,12.0,0,0,0,False,skill_run,False,True,True,True
RunnJ.00,jd-runnels-1,00-0024409,J.D. Runnels,RB,2006,6,195,CHI,oklahoma,,,,,,,,,,,,,,,,,,,,0.0,0.0,2.0,0,0,0,False,skill_run,False,True,True,True
AndeMi00,mike-anderson-7,00-0019594,Mike Anderson,RB,2000,6,189,DEN,utah,,,,,,,,,,,,,,,,,,,,37.0,35.0,98.0,0,0,3,False,skill_run,False,True,True,True
ForsBr00,brock-forsey-1,00-0021938,Brock Forsey,RB,2003,6,206,CHI,boise st.,,,,,,,,,,,,,,,,,,,,2.0,2.0,16.0,0,0,0,False,skill_run,False,True,True,True
AlexDa21,dan-alexander-1,00-0020487,Dan Alexander,RB,2001,6,192,TEN,nebraska,,,,,,,,,,,,,,,,,,,,0.0,0.0,11.0,0,0,0,False,skill_run,False,True,True,True
BrowDe02,dee-brown-2,00-0020376,Dee Brown,RB,2001,6,175,CAR,syracuse,,,,,,,,,,,,,,,,,,,,2.0,2.0,43.0,0,0,0,False,skill_run,False,True,True,True
PerrBr01,bruce-perry-1,00-0022733,Bruce Perry,RB,2004,7,242,PHI,maryland,,,,,,,,,,,,,,,,,,,,0.0,0.0,5.0,0,0,0,False,skill_run,False,True,True,True
NashDa00,damien-nash-1,00-0023576,Damien Nash,RB,2005,5,142,TEN,missouri,,,,,,,,,,,,,,,,,,,,1.0,0.0,6.0,0,0,0,False,skill_run,False,True,True,True
PassPa00,patrick-pass-1,00-0019533,Patrick Pass,RB,2000,7,239,NWE,georgia,,,,,,,,,,,,,,,,,,,,10.0,10.0,79.0,0,0,0,False,skill_run,False,True,True,True
SummFr00,frank-summers-1,00-0026926,Frank Summers,RB,2009,5,169,PIT,nevada-las vegas,,,,,,,,,,,,,,,,,,,,1.0,0.0,27.0,0,0,1,False,skill_run,False,True,True,True
BrowAa00,aaron-brown-2,00-0027129,Aaron Brown,RB,2009,6,192,DET,texas christian,,,,,,,,,,,,,,,,,,,,2.0,2.0,22.0,0,0,0,False,skill_run,False,True,True,True
StepLa00,larod-stephens-howling-1,00-0026956,LaRod Stephens-Howling,RB,2009,7,240,ARI,pittsburgh,,,,,,,,,,,,,,,,,,,,9.0,9.0,58.0,0,0,0,False,skill_run,False,True,True,True
PatrAl00,allen-patrick-1,00-0026380,Allen Patrick,RB,2008,7,240,BAL,oklahoma,73.0,198.0,4.55,,,,,,,,,,,,,,,,,,,,0,0,0,False,skill_run,True,True,False,True
DImpRy00,ryan-dimperio-1,00-0027612,Ryan D'Imperio,RB,2010,7,237,MIN,rutgers,,,,,,,,,,,,,,,,,,,,0.0,0.0,12.0,0,0,0,False,skill_run,False,True,True,True
ONeaOr00,oren-oneal-1,00-0025562,Oren O'Neal,RB,2007,6,175,OAK,arkansas st.,,,,,,,,,,,,,,,,,,,,0.0,0.0,18.0,0,0,0,False,skill_run,False,True,True,True
MauiRe00,reagan-mauia-1,00-0025568,Reagan Maui'a,RB,2007,6,181,MIA,hawaii,,,,,,,,,,,,,,,,,,,,0.0,0.0,39.0,0,0,1,False,skill_run,False,True,True,True
KariDe00,,00-0027779,Deji Karim,RB,2010,6,180,JAX,southern illinois,,,,,,,,,,,,,,,,,,,,4.0,3.0,33.0,0,0,0,False,skill_run,False,True,True,True
RichDa00,,00-0029612,Daryl Richardson,RB,2012,7,252,STL,abilene christian,,,,,,,,,,,,,,,,,,,,7.0,7.0,27.0,0,0,0,False,skill_run,False,True,True,True
JuszKy00,,00-0029892,Kyle Juszczyk,RB,2013,4,130,BAL,harvard,,,,,,,,,,,,,,,,,,,,21.0,5.0,206.0,10,2,11,False,skill_run,False,True,True,True
MassCh00,,00-0021345,Chris Massey,RB,2002,7,243,STL,marshall,,,,,,,,,,,,,,,,,,,,13.0,13.0,141.0,0,0,0,False,skill_run,False,True,True,True
CannTr00,,00-0034164,Trenton Cannon,RB,2018,6,204,NYJ,virginia st.,,,,,,,,,,,,,,,,,,,,2.0,2.0,48.0,0,0,0,False,skill_run,False,True,True,True
HighTi00,,00-0026289,Tim Hightower,RB,2008,5,149,ARI,richmond,,,,,,,,,,,,,,,,,,,,26.0,18.0,77.0,0,0,2,False,skill_run,False,True,True,True
WardDe01,derrick-ward-1,00-0022770,Derrick Ward,RB,2004,7,235,NYJ,ottawa (ks),,,,,,,,,,,,,,,,,,,,25.0,,93.0,0,0,0,False,skill_run,False,True,True,True
MireBr00,brandon-miree-1,00-0022773,Brandon Miree,RB,2004,7,247,DEN,pittsburgh,,,,,,,,,,,,,,,,,,,,0.0,,10.0,0,0,0,False,skill_run,False,True,True,True
ArmaAl00,,00-0033296,Alex Armah,RB,2017,6,192,CAR,west georgia,,,,,,,,,,,,,,,,,,,,0.0,0.0,78.0,0,0,0,False,skill_run,False,True,True,True
CramCa00,,00-0022886,Casey Cramer,RB,2004,7,228,TAM,dartmouth,,,,,,,,,,,,,,,,,,,,0.0,,36.0,0,0,0,False,skill_run,False,True,True,True
VakaFu00,fui-vakapuna-1,00-0027143,Fui Vakapuna,RB,2009,7,215,CIN,byu,,,,,,,,,,,,,,,,,,,,,,,0,0,0,False,skill_run,True,True,True,True
BannSh00,,00-0028161,Shane Bannon,RB,2011,7,223,KAN,yale,,,,,,,,,,,,,,,,,,,,,,,0,0,0,False,skill_run,True,True,True,True
,thomas-hamner-1,,Thomas Hamner,RB,2000,6,171,PHI,minnesota,,,,,,,,,,,,,,,,,,,,,,,0,0,0,False,skill_run,True,True,True,True
,chris-barnes-1,,Chris Barnes,RB,2001,5,161,BAL,new mexico st.,,,,,,,,,,,,,,,,,,,,,,,0,0,0,False,skill_run,True,True,True,True
,manuel-white-1,,Manuel White,RB,2005,4,120,WAS,ucla,,,,,,,,,,,,,,,,,,,,,,,0,0,0,False,skill_run,True,True,True,True
,nate-ilaoa-1,,Nate Ilaoa,RB,2007,7,236,PHI,hawaii,,,,,,,,,,,,,,,,,,,,,,,0,0,0,False,skill_run,True,True,True,True
,jt-wall-1,,J.T. Wall,RB,2003,7,242,PIT,georgia,,,,,,,,,,,,,,,,,,,,,,,0,0,0,False,skill_run,True,True,True,True
,rick-razzano-1,,Rick Razzano,RB,2005,7,221,TAM,mississippi,,,,,,,,,,,,,,,,,,,,,,,0,0,0,False,skill_run,True,True,True,True
,kenny-irons-1,,Kenny Irons,RB,2007,2,49,CIN,auburn,,,,,,,,,,,,,,,,,,,,,,,0,0,0,False,skill_run,True,True,True,True
,cedric-humes-1,,Cedric Humes,RB,2006,7,240,PIT,virginia tech,,,,,,,,,,,,,,,,,,,,,,,0,0,0,False,skill_run,True,True,True,True
,anthony-davis-3,,Anthony Davis,RB,2005,7,243,IND,wisconsin,,,,,,,,,,,,,,,,,,,,,,,0,0,0,False,skill_run,True,True,True,True
,thomas-clayton-1,,Thomas Clayton,RB,2007,6,186,SFO,kansas st.,,,,,,,,,,,,,,,,,,,,,,,0,0,0,False,skill_run,True,True,True,True
,casey-moore-1,,Casey Moore,RB,2003,7,247,CAR,stanford,,,,,,,,,,,,,,,,,,,,,,,0,0,0,False,skill_run,True,True,True,True
,dennis-morris-1,,Dennis Morris,RB,2010,6,174,WAS,louisiana tech,,,,,,,,,,,,,,,,,,,,,,,0,0,0,False,skill_run,True,True,True,True
,charles-scott-1,,Charles Scott,RB,2010,6,200,PHI,louisiana state,,,,,,,,,,,,,,,,,,,,,,,0,0,0,False,skill_run,True,True,True,True
,jarrett-ferguson-1,,Jarrett Ferguson,RB,2002,7,251,BUF,virginia tech,,,,,,,,,,,,,,,,,,,,,,,0,0,0,False,skill_run,True,True,True,True
,antwoine-womack-1,,Antwoine Womack,RB,2002,7,237,NWE,virginia,,,,,,,,,,,,,,,,,,,,,,,0,0,0,False,skill_run,True,True,True,True
,luke-staley-1,,Luke Staley,RB,2002,7,214,DET,byu,,,,,,,,,,,,,,,,,,,,,,,0,0,0,False,skill_run,True,True,True,True
,brandon-drumm-1,,Brandon Drumm,RB,2003,7,236,DET,colorado,,,,,,,,,,,,,,,,,,,,,,,0,0,0,False,skill_run,True,True,True,True
,ahmaad-galloway-1,,Ahmaad Galloway,RB,2003,7,235,DEN,alabama,,,,,,,,,,,,,,,,,,,,,,,0,0,0,False,skill_run,True,True,True,True
,,,Justise Hairston,RB,2007,6,208,NWE,central connecticut st.,,,,,,,,,,,,,,,,,,,,,,,0,0,0,False,skill_run,True,True,True,True
,,,Maurice Clarett,RB,2005,3,101,DEN,ohio st.,,,,,,,,,,,,,,,,,,,,,,,0,0,0,False,skill_run,True,True,True,True
