pfr_id,cfb_id,gsis_id,player_name,position,draft_year,projected_draft_pick,projected_contract_value,draft_round,draft_pick,draft_team,college,height_in,weight_lbs,forty_yard,vertical_jump,broad_jump,bench_reps,cone_drill,shuttle,col_pass_completions,col_pass_attempts,col_pass_yards,col_pass_tds,col_pass_ints,col_rush_attempts,col_rush_yards,col_rush_tds,col_receptions,col_rec_yards,col_rec_tds,col_total_tackles,col_tfl,col_sacks,col_ints,col_pass_deflections,col_qb_hurries,col_fg_made,col_fg_attempted,col_xp_made,col_xp_attempted,col_punts,col_punt_yards,career_av,weighted_av,draft_team_av,nfl_games,pro_bowls,all_pro,seasons_started,hof,_raw_height,Hand Size,Arm Length,Wingspan,10 Yard Split,10 Yard Split,_raw_broad,10 Yard Split,10 Yard Split
,,,Chase Bisontis,G,2026,64,7400000,2,64,,texas a&m,77.25,315,5.02,32.0,105.0,29.0,7.53,4.78,,,,,,,,,,,,,,,,,,,,,,,,,,,,,,,,6052,968,3368,7818,,,809,,
,,,Kyle Louis,LB,2026,111,5980000,4,111,,pittsburgh,72.0,220,4.53,39.5,129.0,,6.97,4.26,,,,,,,,,,,,,,,,,,,,,,,,,,,,,,,,6000,948,3128,,1.58,1.58,10'9,1.58,1.58
,,,Germie Bernard,WR,2026,33,14154286,2,33,,alabama,73.25,206,4.48,32.5,125.0,,6.71,4.31,3.0,3.0,29.0,0.0,0.0,36.0,184.0,5.0,155.0,2203.0,13.0,,,,,,,,,,,,,,,,,,,,,6012,978,3038,7418,,,1005,,
,,,Jack Kelly,LB,2026,198,4900000,6,198,,byu,74.0,240,4.57,37.0,125.0,,7.12,4.19,,,,,,,,,,,,,,,,,,,,,,,,,,,,,,,,6020,918,3118,,1.61,1.61,10'5,1.61,1.61
,,,Fernando Carmona,G,2026,164,5060000,5,164,,arkansas,77.0,316,5.22,,103.0,26.0,7.5,4.75,,,,,,,,,,,,,,,,,,,,,,,,,,,,,,,,6050,948,3218,,,,807,,
,,,Emmett Johnson,RB,2026,189,4900000,6,189,,nebraska,70.25,202,4.56,,120.0,16.0,7.32,4.29,,,,,,458.0,2460.0,15.0,91.0,689.0,5.0,,,,,,,,,,,,,,,,,,,,,5102,968,3028,7438,,,1000,,
,,,Julian Neal,CB,2026,121,5780000,4,121,,arkansas,74.0,203,4.49,40.0,134.0,,7.13,4.2,,,,,,,,,,,,,,,,,,,,,,,,,,,,,,,,6020,948,3268,,,,1102,,
,,,Bryce Lance,WR,2026,110,6000000,4,110,,north dakota state,75.0,204,4.34,41.5,133.0,,7.0,4.15,,,,,,9.0,121.0,2.0,127.0,2140.0,25.0,,,,,,,,,,,,,,,,,,,,,6030,928,3218,,,,1101,,
,,,Parker Brailsford,G,2026,155,5150000,5,155,,alabama,74.0,289,4.95,32.5,116.0,27.0,,4.72,,,,,,,,,1.0,2.0,0.0,,,,,,,,,,,,,,,,,,,,,6020,948,3200,,,,908,,
,,,Logan Jones,G,2026,72,7130769,3,72,,iowa,75.0,299,4.9,31.0,110.0,,7.46,4.59,,,,,,2.0,5.0,0.0,1.0,3.0,0.0,,,,,,,,,,,,,,,,,,,,,6030,948,3068,,,,902,,
,,,Malachi Fields,WR,2026,53,9700000,2,53,,notre dame,76.5,218,4.61,38.0,124.0,,6.98,4.35,2.0,3.0,51.0,0.0,0.0,1.0,-6.0,0.0,165.0,2479.0,16.0,,,,,,,,,,,,,,,,,,,,,6044,900,3218,7900,,,1004,,
,,,Jacob Rodriguez,LB,2026,51,10200000,2,51,,texas tech,73.375,231,4.57,38.5,121.0,,6.9,4.19,0.0,1.0,0.0,0.0,1.0,12.0,59.0,2.0,9.0,80.0,0.0,,,,,,,,,,,,,,,,,,,,,6013,928,3078,,1.6,1.6,10'1,1.6,1.6
,,,Spencer Fano,G,2026,9,28509000,1,9,,utah,77.5,311,4.91,32.0,111.0,,7.34,4.67,,,,,,,,,,,,,,,,,,,,,,,,,,,,,,,,6054,900,3218,8028,,,903,,
,,,Sonny Styles,LB,2026,5,37973846,1,5,,ohio state,77.0,244,4.46,43.5,134.0,,7.09,4.26,,,,,,,,,,,,,,,,,,,,,,,,,,,,,,,,6050,1000,3278,8078,1.56,1.56,11'2,1.56,1.56
,,,Antonio Williams,WR,2026,62,7800000,2,62,,clemson,71.5,187,4.41,39.5,124.0,10.0,7.0,,4.0,4.0,143.0,2.0,0.0,26.0,193.0,2.0,205.0,2312.0,21.0,,,,,,,,,,,,,,,,,,,,,5114,928,3068,7600,,,1004,,
,,,Adam Randall,RB,2026,150,5200000,5,150,,clemson,75.375,232,4.5,37.0,124.0,26.0,,4.53,,,,,,173.0,858.0,10.0,84.0,787.0,5.0,,,,,,,,,,,,,,,,,,,,,6033,968,3238,7968,,,1004,,
,,,Sam Roush,TE,2026,149,5220000,5,149,,stanford,78.0,267,4.7,38.5,126.0,,7.08,4.37,,,,,,1.0,1.0,0.0,119.0,1201.0,4.0,,,,,,,,,,,,,,,,,,,,,6060,1000,3058,7638,,,1006,,
,,,Deion Burks,WR,2026,101,6180000,4,101,,oklahoma,69.75,180,4.3,42.5,131.0,26.0,,,,,,,,18.0,48.0,0.0,151.0,1669.0,14.0,,,,,,,,,,,,,,,,,,,,,5096,948,2938,7268,,,1011,,
,,,Chris McClellan,DT,2026,122,5760000,4,122,,missouri,76.0,313,5.05,29.5,117.0,25.0,,,,,,,,,,,,,,,,,,,,,,,,,,,,,,,,,,6040,1100,3400,,,,9'9,,
,,,Kaleb Proctor,DT,2026,179,4910000,5,179,,southeastern louisiana,74.0,291,4.79,33.0,113.0,,,4.71,,,,,,,,,1.0,-4.0,0.0,,,,,,,,,,,,,,,,,,,,,6020,948,3300,,,,9'5,,
,,,John Michael Gyllenborg,TE,2026,169,5010000,5,169,,wyoming,77.75,249,4.6,35.5,128.0,,,4.22,,,,,,,,,80.0,1023.0,7.0,,,,,,,,,,,,,,,,,,,,,6056,1000,3100,,,,1008,,
,,,Albert Regis,DT,2026,137,5460000,4,137,,texas a&m,73.0,295,4.88,34.0,116.0,,,4.85,,,,,,,,,,,,,,,,,,,,,,,,,,,,,,,,6010,958,3158,,,,9'8 ,,
,,,Cameron Ball,DT,2026,161,5090000,5,161,,arkansas,75.625,310,5.13,32.0,109.0,,,4.76,,,,,,,,,10.0,94.0,0.0,,,,,,,,,,,,,,,,,,,,,6035,948,3300,,,,9'1,,
,,,Tim Keenan III,DT,2026,167,5030000,5,167,,alabama,73.0,327,5.31,30.0,100.0,21.0,,,,,,,,,,,,,,,,,,,,,,,,,,,,,,,,,,6010,858,3048,,,,8'4,,
,,,George Gumbs Jr,DT,2026,139,5420000,4,139,,florida,76.0,245,4.66,41.0,121.0,,7.0,,,,,,,,,,4.0,44.0,0.0,,,,,,,,,,,,,,,,,,,,,6040,900,3358,,,,10'1,,
,,,Kaleb Elarms-Orr,LB,2026,156,5140000,5,156,,texas christian,74.0,234,4.47,40.0,124.0,,,4.41,,,,,,,,,,,,,,,,,,,,,,,,,,,,,,,,6020,900,3148,,1.59,1.59,10'4,1.59,1.59
,,,Dallen Bentley,TE,2026,98,6262308,3,98,,utah,76.0,253,4.62,35.0,118.0,,,4.42,,,,,,,,,51.0,640.0,6.0,,,,,,,,,,,,,,,,,,,,,6040,928,3318,,,,910,,
,,,Nick Barrett,DT,2026,177,4930000,5,177,,south carolina,74.875,312,5.11,31.5,108.0,,,4.91,,,,,,,,,,,,,,,,,,,,,,,,,,,,,,,,6027,1000,3338,,,,9'0,,
,,,Zachariah Branch,WR,2026,39,12800000,2,39,,georgia,68.625,177,4.35,38.0,125.0,20.0,,,,,,,,15.0,94.0,1.0,159.0,1634.0,9.0,,,,,,,,,,,,,,,,,,,,,5085,900,2938,7238,,,1005,,
,,,Anthony Hill Jr,LB,2026,37,13225714,2,37,,texas,74.0,238,4.51,37.0,125.0,21.0,,,,,,,,,,,,,,,,,,,,,,,,,,,,,,,,,,6020,958,3238,7900,1.58,1.58,10'5,1.58,1.58
,,,Gracen Halton,DT,2026,59,8400000,2,59,,oklahoma,74.625,293,4.82,36.5,114.0,,,4.79,,,,,,,,,,,,,,,,,,,,,,,,,,,,,,,,6025,1000,3118,7768,,,9'6,,
,,,Owen Heinecke,LB,2026,193,4900000,6,193,,oklahoma,73.5,228,4.62,34.5,119.0,,7.15,,,,,,,,,,,,,,,,,,,,,,,,,,,,,,,,,6014,968,3018,,1.62,1.62,9'11,1.62,1.62
,,,Trey Moore,DT,2026,128,5640000,4,128,,texas,74.0,243,4.54,38.5,120.0,,,4.43,,,,,,3.0,6.0,0.0,21.0,359.0,4.0,,,,,,,,,,,,,,,,,,,,,6020,1048,3158,,,,10'0,,
,,,Jake Golday,LB,2026,54,9500000,2,54,,cincinnati,76.5,239,4.62,39.0,,,7.02,4.34,,,,,,,,,,,,,,,,,,,,,,,,,,,,,,,,6044,948,3178,7678,1.6,1.6,,1.6,1.6
,,,Bryson Eason,DT,2026,132,5560000,4,132,,tennessee,74.125,323,5.09,30.5,112.0,,,5.0,,,,,,,,,,,,,,,,,,,,,,,,,,,,,,,,6021,1000,3318,,,,9'4,,
,,,Jadarian Price,RB,2026,71,7163077,3,71,,notre dame,70.625,203,4.49,35.0,124.0,21.0,,,,,,,,280.0,1692.0,21.0,15.0,162.0,3.0,,,,,,,,,,,,,,,,,,,,,5105,958,3078,7858,,,1004,,
,,,Seth McGowan,RB,2026,186,4900000,6,186,,kentucky,72.25,223,4.49,42.5,131.0,,,4.5,,,,,,376.0,1908.0,18.0,55.0,604.0,4.0,,,,,,,,,,,,,,,,,,,,,6002,868,3138,7718,,,1011,,
,,,Dani Dennis-Sutton,DT,2026,135,5500000,4,135,,penn state,78.0,256,4.63,39.5,131.0,,6.9,,,,,,,,,,,,,,,,,,,,,,,,,,,,,,,,,6060,1018,3348,,,,10'11,,
,,,Marlin Klein,TE,2026,194,4900000,6,194,,michigan,78.0,248,4.61,36.0,117.0,,7.42,,,,,,,,,,38.0,364.0,1.0,,,,,,,,,,,,,,,,,,,,,6060,928,3238,,,,909,,
,,,Max Iheanachor,G,2026,58,8600000,2,58,,arizona state,77.875,321,4.91,30.5,115.0,25.0,,,,,,,,,,,,,,,,,,,,,,,,,,,,,,,,,,6057,900,3378,8328,,,907,,
,,,Aamil Wagner,G,2026,131,5580000,4,131,,notre dame,78.0,306,5.01,29.5,108.0,21.0,,,,,,,,,,,,,,,,,,,,,,,,,,,,,,,,,,6060,1028,3448,,,,900,,
,,,Sam Hecht,G,2026,84,6728462,3,84,,kansas state,76.0,303,5.1,,101.0,,7.75,4.71,,,,,,,,,,,,,,,,,,,,,,,,,,,,,,,,6040,978,3158,,,,805,,
,,,Brian Parker II,G,2026,117,5860000,4,117,,duke,77.0,309,5.14,,,29.0,7.66,4.8,,,,,,,,,,,,,,,,,,,,,,,,,,,,,,,,6050,1000,3278,,,,,,
,,,Kadyn Proctor,G,2026,28,15413333,1,28,,alabama,78.625,352,5.22,32.5,109.0,25.0,,,,,,,,5.0,16.0,0.0,,,,,,,,,,,,,,,,,,,,,,,,6065,968,3338,8158,,,901,,
,,,Blake Miller,G,2026,32,14400000,1,32,,clemson,78.75,317,5.04,32.0,113.0,32.0,,,,,,,,,,,4.0,28.0,0.0,,,,,,,,,,,,,,,,,,,,,6066,968,3428,8378,,,905,,
,,,Keylan Rutledge,G,2026,57,8800000,2,57,,georgia tech,76.0,316,5.05,32.5,104.0,,7.54,,,,,,,0.0,6.0,0.0,,,,,,,,,,,,,,,,,,,,,,,,6040,1000,3328,,,,808,,
,,,Emmanuel Pregnon,G,2026,49,10619231,2,49,,oregon,76.25,314,5.21,35.0,111.0,,,,,,,,,,,,,,,,,,,,,,,,,,,,,,,,,,,6042,1100,3358,8278,,,903,,
,,,Jack Endries,TE,2026,113,5940000,4,113,,texas,76.625,245,4.62,36.0,119.0,,,,,,,,,,,,124.0,1377.0,7.0,,,,,,,,,,,,,,,,,,,,,6045,958,3118,,,,911,,
,,,Matthew Hibner,TE,2026,191,4900000,6,191,,southern methodist,76.0,251,4.57,37.0,116.0,,,,,,,,,,,,57.0,819.0,8.0,,,,,,,,,,,,,,,,,,,,,6040,938,3238,,,,908,,
,,,Drew Shelton,G,2026,69,7227692,3,69,,penn state,77.0,313,5.18,31.0,112.0,,,,,,,,,,,,,,,,,,,,,,,,,,,,,,,,,,,6050,958,3338,,,,904,,
,,,Will Kacmarek,TE,2026,195,4900000,6,195,,ohio state,77.625,261,4.74,36.0,119.0,,,,,,,,,2.0,5.0,0.0,65.0,761.0,4.0,,,,,,,,,,,,,,,,,,,,,6055,968,3228,,,,911,,
,,,Jake Slaughter,G,2026,60,8200000,2,60,,florida,77.0,303,5.1,32.5,110.0,,,,,,,,,,,,,,,,,,,,,,,,,,,,,,,,,,,6050,1000,3238,,,,902,,
,,,Mike Washington Jr,RB,2026,89,6561500,3,89,,arkansas,73.0,223,4.33,39.0,128.0,,,,273.0,473.0,2963.0,17.0,9.0,55.0,317.0,4.0,,,,,,,,,,,,,,,,,,,,,,,,6010,948,3358,8200,,,1008,,
,,,TJ Parker,DT,2026,17,18300000,1,17,,clemson,75.5,263,4.68,34.0,120.0,,,,,,,,,,,,,,,,,,,,,,,,,,,,,,,,,,,6034,948,3318,7900,,,10'0,,
,,,Taylen Green,QB,2026,90,6530000,3,90,,arkansas,77.875,227,4.36,43.5,134.0,,,,715.0,1191.0,9642.0,59.0,35.0,457.0,2400.0,35.0,,,,,,,,,,,,,,,,,,,,,,,,6057,978,3468,8368,,,1102,,
,,,Cole Payton,QB,2026,173,4970000,5,173,,north dakota state,74.625,232,4.56,,,,7.12,4.36,198.0,280.0,3184.0,21.0,6.0,279.0,1841.0,29.0,3.0,19.0,0.0,,,,,,,,,,,,,,,,,,,,,6025,1028,3158,7868,,,,,
,,,Austin Barber,G,2026,78,6930000,3,78,,florida,79.0,318,5.12,32.0,111.0,,,,,,,,,0.0,-3.0,1.0,,,,,,,,,,,,,,,,,,,,,,,,6070,958,3318,,,,903,,
,,,Jude Bowry,G,2026,162,5080000,5,162,,boston college,77.0,314,5.08,34.5,115.0,,,,,,,,,,,,,,,,,,,,,,,,,,,,,,,,,,,6050,1068,3368,,,,907,,
,,,Justin Jefferson,LB,2026,123,5740000,4,123,,alabama,72.0,223,4.57,38.5,125.0,,,,,,,,,5.0,26.0,0.0,165.0,2414.0,24.0,,,,,,,,,,,,,,,,,,,,,6000,1000,3168,,1.6,1.6,10'5,1.6,1.6
,,,Caleb Lomu,G,2026,25,16187500,1,25,,utah,78.25,313,4.99,32.5,113.0,,,,,,,,,,,,,,,,,,,,,,,,,,,,,,,,,,,6062,948,3338,8268,,,905,,
,,,Gennings Dunker,G,2026,61,8000000,2,61,,iowa,77.0,319,5.18,,108.0,,,4.63,,,,,,,,,,,,,,,,,,,,,,,,,,,,,,,,6050,1000,3348,8218,,,900,,
,,,Jam Miller,RB,2026,178,4920000,5,178,,alabama,70.25,209,4.42,30.5,115.0,,,,,,,,,,,,12.0,82.0,0.0,,,,,,,,,,,,,,,,,,,,,5102,868,3038,7428,,,907,,
,,,Caleb Douglas,WR,2026,157,5130000,5,157,,texas tech,75.5,206,4.39,31.5,126.0,,,,,,,,,,,,134.0,2018.0,16.0,,,,,,,,,,,,,,,,,,,,,6034,1018,3248,,,,1006,,
,,,Malik Benson,WR,2026,199,4900000,6,199,,oregon,72.0,189,4.37,32.5,122.0,,,,,,,,,3.0,-2.0,0.0,81.0,1192.0,8.0,,,,,,,,,,,,,,,,,,,,,6000,858,3178,,,,1002,,
,,,DeMonte Capehart,DT,2026,176,4940000,5,176,,clemson,76.875,313,4.85,33.5,107.0,,,,,,,,,,,,,,,,,,,,,,,,,,,,,,,,,,,6047,1028,3378,,,,8'11,,
,,,Jaishawn Barham,DT,2026,141,5380000,5,141,,michigan,75.5,240,4.64,33.0,123.0,,,,,,,,,,,,,,,,,,,,,,,,,,,,,,,,,,,6034,1028,3418,,,,10'3,,
,,,Caleb Banks,DT,2026,38,13000000,2,38,,florida,78.25,327,5.04,32.0,114.0,,,,,,,,,,,,,,,,,,,,,,,,,,,,,,,,,,,6062,1078,3500,8568,,,9'6,,
,,,Colton Hood,CB,2026,34,13922143,2,34,,tennessee,71.625,193,4.44,40.5,125.0,,,,,,,,,,,,,,,,,,,,,,,,,,,,,,,,,,,5115,900,3138,7478,,,1005,,
,,,David Bailey,DT,2026,7,33300000,1,7,,texas tech,75.625,251,4.5,35.0,129.0,,,,1.0,1.0,16.0,1.0,0.0,569.0,2512.0,26.0,37.0,307.0,4.0,,,,,,,,,,,,,,,,,,,,,6035,1028,3368,7968,,,10'9,,
,,,Jeff Caldwell,WR,2026,148,5240000,5,148,,cincinnati,77.0,216,4.31,42.0,134.0,,,,,,,,,3.0,25.0,1.0,118.0,2134.0,27.0,,,,,,,,,,,,,,,,,,,,,6050,968,3258,,,,1102,,
,,,Kevin Coleman Jr,WR,2026,174,4960000,5,174,,missouri,70.0,179,4.49,38.5,126.0,,,,,,,,,20.0,111.0,0.0,189.0,2364.0,11.0,,,,,,,,,,,,,,,,,,,,,5100,948,3000,,,,1006,,
,,,J. Michael Sturdivant,WR,2026,129,5620000,4,129,,florida,75.0,207,4.4,39.0,131.0,,,,,,,,,4.0,-2.0,0.0,150.0,2073.0,16.0,,,,,,,,,,,,,,,,,,,,,6030,948,3278,,,,1011,,
,,,Chandler Rivers,CB,2026,70,7195385,3,70,,duke,69.5,185,4.4,39.0,130.0,,,,392.0,625.0,4837.0,38.0,9.0,216.0,448.0,7.0,2.0,6.0,1.0,,,,,,,,,,,,,,,,,,,,,5094,948,2938,,,,1010,,
,,,Toriano Pride Jr,CB,2026,143,5340000,5,143,,missouri,70.0,185,4.32,,128.0,,7.2,,,,,,,,,,,,,,,,,,,,,,,,,,,,,,,,,5100,928,3100,,,,1008,,
,,,Ted Hurst,WR,2026,56,9040000,2,56,,georgia state,76.0,206,4.42,36.5,135.0,,,,,,,,,,,,127.0,1965.0,15.0,,,,,,,,,,,,,,,,,,,,,6040,968,3258,,,,1103,,
,,,Will Lee III,CB,2026,133,5540000,4,133,,texas a&m,73.5,189,4.52,42.0,132.0,,,,,,,,,,,,,,,,,,,,,,,,,,,,,,,,,,,6014,900,3268,,,,1100,,
,,,Malik Muhammad,CB,2026,79,6896410,3,79,,texas,72.0,182,4.42,39.0,131.0,,,,,,,,,,,,,,,,,,,,,,,,,,,,,,,,,,,6000,978,3238,,,,1011,,
,,,De'Zhaun Stribling,WR,2026,52,9921818,2,52,,mississippi,74.125,207,4.36,36.0,127.0,,,,,,,,,,,,217.0,2977.0,23.0,,,,,,,,,,,,,,,,,,,,,6021,1000,3158,,,,1007,,
,,,Zane Durant,DT,2026,134,5520000,4,134,,penn state,74.0,290,4.75,33.5,112.0,,,,,,,,,,,,,,,,,,,,,,,,,,,,,,,,,,,6018,1058,3178,,,,9'4,,
,,,Lee Hunter,DT,2026,36,13457857,2,36,,texas tech,75.5,318,5.18,21.5,100.0,,,,,,,,,98.0,619.0,9.0,14.0,196.0,4.0,,,,,,,,,,,,,,,,,,,,,6034,928,3328,8068,,,8'4,,
,,,Charles Demmings,CB,2026,120,5800000,4,120,,stephen f. austin,73.0,193,4.41,42.0,132.0,,,,,,,,,,,,,,,,,,,,,,,,,,,,,,,,,,,6010,1018,3200,,,,1100,,
,,,Eli Stowers,TE,2026,46,11276923,2,46,,vanderbilt,76.0,239,4.51,45.5,135.0,,,,5.0,10.0,116.0,2.0,0.0,37.0,114.0,2.0,145.0,1769.0,11.0,,,,,,,,,,,,,,,,,,,,,6040,968,3258,7968,,,1103,,
,,,Eli Raridon,TE,2026,66,7330000,3,66,,notre dame,78.0,245,4.62,36.0,123.0,,,,,,,,,,,,48.0,623.0,3.0,,,,,,,,,,,,,,,,,,,,,6060,1068,3268,,,,1003,,
,,,Skyler Bell,WR,2026,153,5170000,5,153,,connecticut,71.625,192,4.4,41.0,133.0,,,,,,,,,15.0,162.0,0.0,220.0,2892.0,24.0,,,,,,,,,,,,,,,,,,,,,5115,1000,3178,,,,1101,,
,,,Malachi Lawrence,DT,2026,74,7060000,3,74,,central florida,76.0,253,4.52,40.0,130.0,,,,,,,,,1.0,1.0,0.0,,,,,,,,,,,,,,,,,,,,,,,,6040,928,3358,,,,10'10,,
,,,Kenyon Sadiq,TE,2026,10,26266667,1,10,,oregon,75.0,241,4.39,43.5,133.0,,,,,,,,,9.0,42.0,0.0,80.0,892.0,11.0,,,,,,,,,,,,,,,,,,,,,6030,1000,3148,7828,,,1101,,
,,,Bauer Sharp,TE,2026,140,5400000,4,140,,louisiana state,77.0,249,4.63,35.0,120.0,,,,0.0,2.0,0.0,0.0,1.0,36.0,189.0,5.0,105.0,941.0,7.0,,,,,,,,,,,,,,,,,,,,,6050,968,3168,,,,1000,,
,,,Cashius Howell,DT,2026,45,11496154,2,45,,texas a&m,74.5,253,4.59,32.5,115.0,,,,,,,,,,,,,,,,,,,,,,,,,,,,,,,,,,,6024,928,3028,7428,,,9'7,,
,,,Romello Height,DT,2026,180,4906000,5,180,,texas tech,75.0,239,4.64,39.0,125.0,,,,,,,,,,,,,,,,,,,,,,,,,,,,,,,,,,,6030,948,3228,,,,10'5,,
,,,Brandon Cisse,CB,2026,43,11900000,2,43,,south carolina,72.0,189,,41.0,131.0,,,,,,,,,,,,,,,,,,,,,,,,,,,,,,,,,,,6000,848,3068,7578,,,1011,,
,,,Bud Clark,CB,2026,67,7297692,3,67,,texas christian,73.0,188,4.41,38.0,,,,,,,,,,,,,,,,,,,,,,,,,,,,,,,,,,,,6010,900,3148,,,,,,
,,,Jalon Kilgore,CB,2026,93,6430000,3,93,,south carolina,73.375,210,4.4,,,,,4.32,,,,,,,,,,,,,,,,,,,,,,,,,,,,,,,,6013,938,3278,,,,,,
,,,Caleb Tiernan,G,2026,188,4900000,6,188,,northwestern,80.0,323,,35.5,111.0,,,,,,,,,,,,,,,,,,,,,,,,,,,,,,,,,,,6080,900,3228,,,,903,,
,,,Daylen Everette,CB,2026,73,7098462,3,73,,georgia,73.25,196,4.38,,124.0,,,,,,,,,,,,,,,,,,,,,,,,,,,,,,,,,,,6012,958,3178,,,,1004,,
,,,Monroe Freeling,G,2026,14,21009091,1,14,,georgia,79.375,315,4.93,33.5,,,,,,,,,,,,,,,,,,,,,,,,,,,,,,,,,,,,6073,1068,3468,8448,,,,,
,,,Chris Johnson,CB,2026,47,11057692,2,47,,san diego state,72.0,193,4.4,,126.0,,,,,,,,,,,,1.0,6.0,0.0,,,,,,,,,,,,,,,,,,,,,6000,978,3058,,,,1006,,
,,,Jalen Farmer,G,2026,107,6060000,4,107,,kentucky,77.0,312,4.93,,108.0,,,,,,,,,,,,,,,,,,,,,,,,,,,,,,,,,,,6050,928,3428,,,,900,,
,,,Tacario Davis,CB,2026,108,6040000,4,108,,washington,75.875,194,4.41,,123.0,,,,,,,,,,,,,,,,,,,,,,,,,,,,,,,,,,,6037,928,3338,8078,,,1003,,
,,,Davidson Igbinosun,CB,2026,55,9280000,2,55,,ohio state,74.125,189,4.45,,120.0,,,,,,,,,,,,,,,,,,,,,,,,,,,,,,,,,,,6021,918,3278,,,,1000,,
,,,Armaj Reed-Adams,G,2026,151,5190000,5,151,,texas a&m,78.0,314,5.28,,,,7.88,,,,,,,,,,,,,,,,,,,,,,,,,,,,,,,,,6060,1000,3438,,,,,,
,,,Olaivavega Ioane,G,2026,6,35700000,1,6,,penn state,76.25,320,,31.5,104.0,,,,,,,,,,,,,,,,,,,,,,,,,,,,,,,,,,,6042,1048,3268,8058,,,808,,
,,,Genesis Smith,CB,2026,97,6300000,3,97,,arizona,74.125,202,,42.5,,,,4.18,,,,,,,,,,,,,,,,,,,,,,,,,,,,,,,,6021,878,3248,7928,,,,,
,,,Denzel Boston,WR,2026,19,17800000,1,19,,washington,75.625,212,,35.0,,,,4.28,2.0,2.0,15.0,1.0,0.0,1.0,2.0,1.0,132.0,1781.0,20.0,,,,,,,,,,,,,,,,,,,,,6035,968,3200,7738,,,,,
,,,Quintayvious Hutchins,DT,2026,125,5700000,4,125,,boston college,75.0,233,4.74,37.0,,,,,,,,,,,,,,,,,,,,,,,,,,,,,,,,,,,,6030,948,3258,,,,,,
,,,Dillon Thieneman,CB,2026,20,17500000,1,20,,oregon,73.0,201,4.35,41.0,,,,,,,,,,,,,,,,,,,,,,,,,,,,,,,,,,,,6010,900,3138,7818,,,,,
,,,Omar Cooper Jr,WR,2026,23,16725000,1,23,,indiana,72.0,199,4.42,37.0,,,,,,,,,,5.0,97.0,2.0,116.0,1822.0,22.0,,,,,,,,,,,,,,,,,,,,,6000,958,3028,7528,,,,,
,,,Keldric Faulk,DT,2026,22,16984444,1,22,,auburn,77.875,276,,35.0,117.0,,,,,,,,,,,,,,,,,,,,,,,,,,,,,,,,,,,6057,978,3438,8228,,,9'9,,
,,,Demond Claiborne,RB,2026,126,5680000,4,126,,wake forest,69.75,188,4.37,,122.0,,,,,,,,,558.0,2596.0,26.0,55.0,424.0,2.0,,,,,,,,,,,,,,,,,,,,,5096,900,3018,7278,,,1002,,
,,,Treydan Stukes,CB,2026,77,6963333,3,77,,arizona,72.125,190,4.33,38.0,,,,,,,,,,,,,,,,,,,,,,,,,,,,,,,,,,,,6001,848,3168,,,,,,
,,,Robert Spears-Jennings,CB,2026,190,4900000,6,190,,oklahoma,73.875,205,4.32,,,,,4.43,,,,,,,,,,,,,,,,,,,,,,,,,,,,,,,,6017,1038,3248,,,,,,
,,,Ja'kobi Lane,WR,2026,81,6829231,3,81,,southern california,76.0,200,4.47,40.0,,,,,,,,,,,,,99.0,1363.0,18.0,,,,,,,,,,,,,,,,,,,,,6040,1048,3258,,,,,,
,,,Nate Boerkircher,TE,2026,183,4900000,6,183,,texas a&m,76.5,245,,,,,,4.4,,,,,,4.0,16.0,1.0,39.0,423.0,4.0,,,,,,,,,,,,,,,,,,,,,6044,1048,3258,,,,,,
,,,Aaron Anderson,WR,2026,192,4900000,6,192,,louisiana state,68.0,191,,30.0,,,,,,,,,,1.0,2.0,0.0,106.0,1333.0,5.0,,,,,,,,,,,,,,,,,,,,,5080,928,2968,,,,,,
,,,Harrison Wallace III,WR,2026,185,4900000,6,185,,mississippi,72.0,192,4.54,,,,,,,,,,,3.0,1.0,0.0,146.0,2167.0,10.0,,,,,,,,,,,,,,,,,,,,,6000,838,3218,,,,,,
,,,Jeremiyah Love,RB,2026,1,45600000,1,1,,notre dame,72.0,212,4.36,,,,,,,,,,,433.0,2882.0,36.0,63.0,594.0,6.0,,,,,,,,,,,,,,,,,,,,,6000,918,3200,7858,,,,,
,,,Chris Brazzell II,WR,2026,50,10400000,2,50,,tennessee,76.0,198,4.37,,,,,,,,,,,,,,136.0,2072.0,16.0,,,,,,,,,,,,,,,,,,,,,6040,900,3238,8018,,,,,
,,,Jordyn Tyson,WR,2026,12,23600000,1,12,,arizona state,74.125,203,,,,26.0,,,1.0,2.0,37.0,0.0,0.0,6.0,1.0,1.0,158.0,2282.0,22.0,,,,,,,,,,,,,,,,,,,,,6021,918,3028,7528,,,,,
,,,Barion Brown,WR,2026,197,4900000,6,197,,louisiana state,71.0,177,4.4,,,,,,,,,,,32.0,228.0,2.0,175.0,2060.0,12.0,,,,,,,,,,,,,,,,,,,,,5110,900,3148,,,,,,
,,,Carnell Tate,WR,2026,11,24900000,1,11,,ohio state,74.25,192,4.53,,,,,,,,,,,2.0,22.0,0.0,121.0,1872.0,14.0,,,,,,,,,,,,,,,,,,,,,6022,1028,3168,7800,,,,,
,,,Jonah Coleman,RB,2026,152,5180000,5,152,,washington,68.125,220,,,,22.0,,,,,,,,552.0,3054.0,34.0,87.0,838.0,3.0,,,,,,,,,,,,,,,,,,,,,5081,918,2878,7118,,,,,
,,,Trey Zuhn III,G,2026,159,5110000,5,159,,texas a&m,78.5,312,,,,33.0,,,,,,,,,,,,,,,,,,,,,,,,,,,,,,,,,,6064,1000,3248,,,,,,
,,,Brenen Thompson,WR,2026,158,5120000,5,158,,mississippi state,69.0,164,4.26,,,,,,0.0,1.0,0.0,0.0,0.0,4.0,14.0,1.0,84.0,1557.0,10.0,,,,,,,,,,,,,,,,,,,,,5090,900,2938,,,,,,
,,,Colbie Young,WR,2026,170,5000000,5,170,,georgia,76.75,218,4.49,,,,,,,,,,,,,,116.0,1446.0,13.0,,,,,,,,,,,,,,,,,,,,,6046,948,3178,,,,,,
,,,Devin Moore,CB,2026,165,5050000,5,165,,florida,75.25,198,4.5,,,,,,,,,,,8.0,3.0,0.0,11.0,77.0,1.0,,,,,,,,,,,,,,,,,,,,,6032,858,3158,7678,,,,,
,,,VJ Payne,CB,2026,103,6140000,4,103,,kansas state,75.25,206,4.4,,,,,,,,,,,,,,,,,,,,,,,,,,,,,,,,,,,,,6032,948,3368,,,,,,
,,,Josiah Trotter,LB,2026,94,6400000,3,94,,missouri,74.0,237,,,,27.0,,,,,,,,,,,,,,,,,,,,,,,,,,,,,,,,,,6020,1028,3228,,,,,,
,,,D'Angelo Ponds,CB,2026,42,12100000,2,42,,indiana,68.625,182,,43.5,,,,,,,,,,,,,1.0,6.0,0.0,,,,,,,,,,,,,,,,,,,,,5085,958,2938,7228,,,,,
,,,Arvell Reese,LB,2026,3,42143077,1,3,,ohio state,76.125,241,4.46,,,,,,,,,,,,,,,,,,,,,,,,,,,,,,,,,,,,,6041,948,3248,7948,1.58,1.58,,1.58,1.58
,,,Kamari Ramsey,CB,2026,95,6362308,3,95,,southern california,72.25,202,4.47,,,,,,,,,,,,,,,,,,,,,,,,,,,,,,,,,,,,,6002,928,3058,,,,,,
,,,Michael Taaffe,CB,2026,136,5480000,4,136,,texas,71.875,190,4.5,,,,,,,,,,,,,,,,,,,,,,,,,,,,,,,,,,,,,5117,938,2928,,,,,,
,,,Avieon Terrell,CB,2026,18,18012000,1,18,,clemson,70.75,186,,,123.0,,,,,,,,,,,,,,,,,,,,,,,,,,,,,,,,,,,5106,858,3100,7548,,,1003,,
,,,R Mason Thomas,DT,2026,41,12335714,2,41,,oklahoma,74.25,241,4.67,,,,,,,,,,,,,,,,,,,,,,,,,,,,,,,,,,,,,6022,878,3158,7818,,,,,
,,,LT Overton,DT,2026,106,6080000,4,106,,alabama,75.0,274,4.87,,,,,,,,,,,,,,,,,,,,,,,,,,,,,,,,,,,,,6030,1058,3328,,,,,,
,,,Skyler Gill- Howard,DT,2026,200,4900000,6,200,,texas tech,73.0,280,,,,27.0,,,,,,,,,,,,,,,,,,,,,,,,,,,,,,,,,,6010,928,3068,,,,,,
,,,Gabe Jacas,DT,2026,44,11700000,2,44,,illinois,76.0,260,,,,30.0,,,,,,,,,,,,,,,,,,,,,,,,,,,,,,,,,,6040,1000,3300,,,,,,
,,,Connor Lew,G,2026,130,5600000,4,130,,auburn,75.5,310,,,,31.0,,,,,,,,,,,,,,,,,,,,,,,,,,,,,,,,,,6034,900,3238,,,,,,
,,,Markel Bell,G,2026,115,5900000,4,115,,miami,81.25,346,5.36,,,,,,,,,,,,,,,,,,,,,,,,,,,,,,,,,,,,,6092,900,3638,8718,,,,,
,,,Domani Jackson,CB,2026,91,6498500,3,91,,alabama,73.0,194,4.41,,,,,,,,,,,1.0,2.0,0.0,,,,,,,,,,,,,,,,,,,,,,,,6010,918,3118,,,,,,
,,,Dametrious Crownover,G,2026,88,6596500,3,88,,texas a&m,79.0,319,5.14,,,,,,,,,,,,,,,,,,,,,,,,,,,,,,,,,,,,,6070,1000,3538,,,,,,
,,,Emmanuel McNeil-Warren,CB,2026,26,15936000,1,26,,toledo,75.5,201,4.52,,,,,,,,,,,,,,,,,,,,,,,,,,,,,,,,,,,,,6034,928,3218,7828,,,,,
,,,AJ Haulcy,CB,2026,75,7030000,3,75,,louisiana state,71.625,215,4.52,,,,,,,,,,,,,,,,,,,,,,,,,,,,,,,,,,,,,5115,928,3078,,,,,,
,,,Jaeden Roberts,G,2026,105,6100000,4,105,,alabama,77.0,333,,,,25.0,,,,,,,,,,,,,,,,,,,,,,,,,,,,,,,,,,6050,1028,3338,,,,,,
,,,Dontae Corleonne,DT,2026,144,5320000,5,144,,cincinnati,72.625,340,,,,,,,,,,,,,,,,,,,,,,,,,,,,,,,,,,,,,,6005,948,3178,,,,,,
,,,Darrell Jackson Jr,DT,2026,118,5840000,4,118,,florida state,77.625,315,,,,,,,,,,,,,,,1.0,2.0,0.0,,,,,,,,,,,,,,,,,,,,,6055,1100,3468,8600,,,,,
,,,Keyron Crawford,DT,2026,83,6762051,3,83,,auburn,76.0,253,,,,,,,,,,,,,,,,,,,,,,,,,,,,,,,,,,,,,,6040,900,3200,,,,,,
,,,Chris Bell,WR,2026,68,7260000,3,68,,louisville,73.875,222,,,,,,,,,,,,2.0,43.0,0.0,151.0,2166.0,12.0,,,,,,,,,,,,,,,,,,,,,6017,1000,3168,7668,,,,,
,,,Michael Trigg,TE,2026,124,5720000,4,124,,baylor,76.0,240,,,,,,,,,,,,,,,108.0,1419.0,14.0,,,,,,,,,,,,,,,,,,,,,6040,1048,3428,8438,,,,,
,,,Zxavien Harris,DT,2026,154,5160000,5,154,,mississippi,80.0,330,,,,,,,,,,,,117.0,676.0,4.0,39.0,448.0,4.0,,,,,,,,,,,,,,,,,,,,,6080,1000,3458,,,,,,
,,,Rayshaun Benny,DT,2026,100,6202550,3,100,,michigan,75.0,298,,,,,,,,,,,,,,,,,,,,,,,,,,,,,,,,,,,,,,6030,928,3338,,,,,,
,,,Dae'Quan Wright,TE,2026,138,5440000,4,138,,mississippi,76.0,246,,,,,,,,,,,,1.0,2.0,0.0,112.0,1570.0,9.0,,,,,,,,,,,,,,,,,,,,,6040,928,3228,,,,,,
,,,Billy Schrauth,G,2026,86,6661000,3,86,,notre dame,77.0,310,,,,,,,,,,,,,,,,,,,,,,,,,,,,,,,,,,,,,,6050,1028,3278,,,,,,
,,,Rueben Bain,DT,2026,16,18600000,1,16,,miami,74.25,263,,,,,,,,,,,,,,,,,,,,,,,,,,,,,,,,,,,,,,6022,918,3078,7738,,,,,
,,,Jadon Canady,CB,2026,109,6020000,4,109,,oregon,70.5,181,,,,,,,,,,,,,,,,,,,,,,,,,,,,,,,,,,,,,,5104,928,3000,,,,,,
,,,Mansoor Delane,CB,2026,15,19800000,1,15,,louisiana state,72.0,187,,,,,,,,,,,,,,,,,,,,,,,,,,,,,,,,,,,,,,6000,878,3000,7448,,,,,
,,,Caleb Downs,CB,2026,2,43911111,1,2,,ohio state,71.625,206,,,,,,,,,,,,,,,,,,,,,,,,,,,,,,,,,,,,,,5115,948,3028,7328,,,,,
,,,Jermod McCoy,CB,2026,29,15200000,1,29,,tennessee,72.75,188,,,,,,,,,,,,,,,,,,,,,,,,,,,,,,,,,,,,,,6006,900,3128,7700,,,,,
,,,Elijah Sarratt,WR,2026,85,6694872,3,85,,indiana,74.5,210,,,,,,,,,,,,8.0,48.0,1.0,240.0,3649.0,44.0,,,,,,,,,,,,,,,,,,,,,6024,1000,3128,7568,,,,,
,,,Zakee Wheatley,CB,2026,87,6630000,3,87,,penn state,75.0,203,,,,,,,,,,,,,,,,,,,,,,,,,,,,,,,,,,,,,,6030,948,3100,,,,,,
,,,Makai Lemon,WR,2026,13,22300000,1,13,,southern california,71.125,192,,,,,,,2.0,2.0,63.0,1.0,0.0,9.0,4.0,2.0,137.0,2008.0,14.0,,,,,,,,,,,,,,,,,,,,,5111,868,3048,7328,,,,,
,,,Louis Moore,CB,2026,145,5300000,5,145,,indiana,71.0,191,,,,,,,,,,,,,,,,,,,,,,,,,,,,,,,,,,,,,,5110,978,2948,,,,,,
,,,Keionte Scott,CB,2026,48,10838462,2,48,,miami,71.25,193,,,,,,,,,,,,,,,,,,,,,,,,,,,,,,,,,,,,,,5112,958,3138,7658,,,,,
,,,KC Concepcion,WR,2026,40,12571429,2,40,,texas a&m,71.625,196,,,,,,,,,,,,,,,,,,,,,,,,,,,,,,,,,,,,,,5115,928,3028,7478,,,,,
,,,Josh Cameron,WR,2026,127,5660000,4,127,,baylor,73.5,220,,,,,,,,,,,,3.0,2.0,0.0,170.0,2236.0,19.0,,,,,,,,,,,,,,,,,,,,,6014,1028,3318,,,,,,
,,,Joe Royer,TE,2026,76,7000000,3,76,,cincinnati,77.0,247,,,,,,,,,,,,,,,84.0,972.0,7.0,,,,,,,,,,,,,,,,,,,,,6050,1068,3148,,,,,,
,,,Akheem Mesidor,DT,2026,24,16456250,1,24,,miami,75.0,259,,,,,,,,,,,,,,,,,,,,,,,,,,,,,,,,,,,,,,6030,1000,3218,7858,,,,,
,,,Joshua Josephs,DT,2026,96,6330000,3,96,,tennessee,75.0,242,,,,,,,,,,,,,,,,,,,,,,,,,,,,,,,,,,,,,,6030,1000,3428,,,,,,
,,,Scooby Williams,LB,2026,142,5360000,5,142,,texas a&m,74.0,231,,,,,,,,,,,,136.0,791.0,11.0,,,,,,,,,,,,,,,,,,,,,,,,6020,928,3200,,,,,,
,,,Kaytron Allen,RB,2026,146,5280000,5,146,,penn state,71.375,216,,,,,,,1.0,1.0,4.0,0.0,0.0,769.0,4180.0,39.0,70.0,490.0,4.0,,,,,,,,,,,,,,,,,,,,,5113,948,2948,7268,,,,,
,,,Ty Simpson,QB,2026,35,13690000,2,35,,alabama,73.125,211,,,,,,,334.0,523.0,3948.0,28.0,5.0,112.0,223.0,5.0,,,,,,,,,,,,,,,,,,,,,,,,6011,938,3078,7648,,,,,
,,,Garrett Nussmeier,QB,2026,82,6795641,3,82,,louisiana state,73.625,203,,,,,,,659.0,1031.0,7687.0,52.0,24.0,72.0,-154.0,5.0,,,,,,,,,,,,,,,,,,,,,,,,6015,918,3038,7528,,,,,
,,,Fernando Mendoza,QB,2026,4,40058462,1,4,,indiana,76.75,236,,,,,,,691.0,1008.0,8247.0,71.0,22.0,226.0,467.0,11.0,0.0,15.0,1.0,,,,,,,,,,,,,,,,,,,,,6046,948,3178,7668,,,,,
,,,Pat Coogan,G,2026,181,4902000,5,181,,indiana,77.0,311,,,,,,,,,,,,,,,1.0,11.0,0.0,,,,,,,,,,,,,,,,,,,,,6050,928,3118,,,,,,
,,,Carson Beck,QB,2026,99,6231050,3,99,,miami,76.75,233,,,,,,,966.0,1391.0,11725.0,88.0,32.0,189.0,288.0,7.0,1.0,14.0,1.0,,,,,,,,,,,,,,,,,,,,,6046,1000,3058,7500,,,,,
,,,Drew Allar,QB,2026,166,5040000,5,166,,penn state,77.25,228,,,,,,,633.0,1001.0,7402.0,61.0,13.0,224.0,736.0,12.0,3.0,15.0,0.0,,,,,,,,,,,,,,,,,,,,,6052,978,3268,7948,,,,,
,,,Matt Gulbin,G,2026,160,5100000,5,160,,michigan state,76.0,305,,,,,,,,,,,,,,,,,,,,,,,,,,,,,,,,,,,,,,6040,948,3168,,,,,,
,,,Jeremiah Wright,G,2026,163,5070000,5,163,,auburn,77.0,331,,,,,,,,,,,,,,,1.0,0.0,0.0,,,,,,,,,,,,,,,,,,,,,6050,1000,3318,,,,,,
,,,Alex Harkey,G,2026,168,5020000,5,168,,oregon,78.0,308,,,,,,,,,,,,,,,,,,,,,,,,,,,,,,,,,,,,,,6060,1018,3168,,,,,,
,,,Francis Mauigoa,G,2026,8,30900000,1,8,,miami,77.5,329,,,,,,,,,,,,1.0,3.0,1.0,,,,,,,,,,,,,,,,,,,,,,,,6054,1058,3328,8068,,,,,
,,,Roman Hemby,RB,2026,119,5820000,4,119,,indiana,71.875,207,,,,,,,,,,,,712.0,3467.0,29.0,129.0,1086.0,5.0,,,,,,,,,,,,,,,,,,,,,5117,948,3100,7568,,,,,
,,,Deontae Lawson,LB,2026,102,6160000,4,102,,alabama,75.0,226,,,,,,,,,,,,,,,,,,,,,,,,,,,,,,,,,,,,,,6030,928,3178,,,,,,
,,,Lake McRee,TE,2026,187,4900000,6,187,,southern california,76.0,243,,,,,,,,,,,,,,,97.0,1154.0,7.0,,,,,,,,,,,,,,,,,,,,,6040,928,3148,,,,,,
,,,Kayden McDonald,DT,2026,21,17200000,1,21,,ohio state,74.125,326,,,,,,,,,,,,3.0,15.0,0.0,85.0,1032.0,6.0,,,,,,,,,,,,,,,,,,,,,6021,968,3228,7818,,,,,
,,,Christen Miller,DT,2026,65,7361667,3,65,,georgia,75.75,321,,,,,,,,,,,,,,,21.0,317.0,2.0,,,,,,,,,,,,,,,,,,,,,6036,1000,3300,8018,,,,,
,,,Max Klare,TE,2026,92,6462100,3,92,,ohio state,76.0,246,,,,,,,,,,,,,,,116.0,1329.0,6.0,,,,,,,,,,,,,,,,,,,,,6040,918,3218,7778,,,,,
,,,Derrick Moore,DT,2026,63,7600000,2,63,,michigan,76.0,255,,,,,,,,,,,,130.0,663.0,6.0,21.0,80.0,0.0,,,,,,,,,,,,,,,,,,,,,6040,918,3338,,,,,,
,,,Domonique Orange,DT,2026,112,5960000,4,112,,iowa state,74.0,322,,,,,,,,,,,,,,,,,,,,,,,,,,,,,,,,,,,,,,6020,1028,3338,,,,,,
,,,Justin Joly,TE,2026,80,6862821,3,80,,nc state,75.625,241,,,,,,,,,,,,1.0,12.0,0.0,166.0,1962.0,15.0,,,,,,,,,,,,,,,,,,,,,6035,1048,3228,,,,,,
,,,Patrick Payton,DT,2026,196,4900000,6,196,,louisiana state,77.0,260,,,,,,,,,,,,,,,,,,,,,,,,,,,,,,,,,,,,,,6050,1000,3348,,,,,,
,,,Peter Woods,DT,2026,27,15691111,1,27,,clemson,74.5,298,,,,,,,,,,,,8.0,15.0,2.0,,,,,,,,,,,,,,,,,,,,,,,,6024,918,3128,7668,,,,,
,,,Zion Young,DT,2026,30,14900000,1,30,,missouri,78.0,262,,,,,,,,,,,,,,,,,,,,,,,,,,,,,,,,,,,,,,6060,948,3300,,,,,,
,,,CJ Allen,LB,2026,31,14609000,1,31,,georgia,72.75,230,,,,,,,,,,,,,,,33.0,360.0,4.0,,,,,,,,,,,,,,,,,,,,,6006,1018,3148,7548,,,,,
,,,Lander Burton,LB,2026,182,4900000,6,182,,utah,77.0,233,,,,,,,,,,,,,,,6.0,44.0,1.0,,,,,,,,,,,,,,,,,,,,,6050,948,3228,,,,,,
,,,Nicholas Singleton,RB,2026,104,6120000,4,104,,penn state,72.25,219,,,,,,,,,,,,621.0,3452.0,45.0,102.0,987.0,9.0,,,,,,,,,,,,,,,,,,,,,6002,938,3100,7778,,,,,
,,,Bryce Boettcher,LB,2026,175,4950000,5,175,,oregon,73.0,233,,,,,,,,,,,,1.0,1.0,1.0,,,,,,,,,,,,,,,,,,,,,,,,6010,900,3068,,,,,,
,,,Le'veon Moss,RB,2026,171,4990000,5,171,,texas a&m,71.0,203,,,,,,,,,,,,322.0,1773.0,22.0,24.0,236.0,0.0,,,,,,,,,,,,,,,,,,,,,5110,948,3100,7618,,,,,
,,,Aiden Fisher,LB,2026,147,5260000,5,147,,indiana,73.0,232,,,,,,,,,,,,,,,,,,,,,,,,,,,,,,,,,,,,,,6010,948,3118,,,,,,
,,,Keith Abney II,CB,2026,114,5920000,4,114,,arizona state,70.0,187,,,,,,,,,,,,,,,,,,,,,,,,,,,,,,,,,,,,,,5100,968,3000,,,,,,
